title,artist,listType,Gross,Tickets_Sold,rank_each_year,releaseYear,x,y,rank,listHighestRank,
Now You See Me,Lionsgate,Thriller/Suspense,117723989,14480195,23,2013,619.3749362,252.6250638,20,18.58385337,
A Good Day to Die Hard,20th Century Fox,Action,67349198,8284034,51,2013,602.3749362,222.0309468,15,18.02540155,
Parental Guidance,20th Century Fox,Adventure,24927598,3066125,103,2013,579.4441188,214.9473309,9,17.0314861,
Hotel Transylvania,Sony Pictures,Adventure,2140687,263307,196,2013,589.8985928,209.0563232,3,14.57663736,
Much Ado About Nothing,Roadside Attractions,Romantic Comedy,4328850,532453,170,2013,595.429041,203.2758264,5,15.28081248,
Filly Brown,Lionsgate,Drama,2850357,350597,183,2013,603.3905525,204.0596217,3,14.86295481,
Promised Land,Focus Features,Drama,3202459,393906,177,2013,609.2407845,205.3918324,3,14.97942951,
I'm in Love with a Church Girl,High Top Releasing,Drama,2387730,293693,189,2013,614.3281445,208.5728336,3,14.68585368,
Runner Runner,20th Century Fox,Thriller/Suspense,19316646,2375971,116,2013,622.8070778,213.8745022,7,16.77647777,
All is Lost,Roadside Attractions,Thriller/Suspense,6047207,743813,157,2013,622.0073443,225.8478236,5,15.61510707,
Mud,Roadside Attractions,Drama,21590086,2655607,108,2013,635.7199254,228.6700784,9,16.88774479,
Mama,Universal,Horror,71628180,8810354,46,2013,655.6549213,245.3612717,17,18.08699913,
Iron Man 3,Walt Disney,Action,408992272,50306552,1,2013,648.6769476,286.7775473,25,19.82920682,
One Direction: This is Us,Sony Pictures,Concert/Perfor...,28873374,3551460,95,2013,615.1192649,281.3111103,9,17.17843041,
Getaway,Warner Bros.,Thriller/Suspense,10501938,1291751,139,2013,604.2282433,272.514199,5,16.16707037,
Trance,Fox Searchlight,Thriller/Suspense,2322593,285681,191,2013,600.3338381,265.5260942,3,14.65819479,
47 Ronin,Universal,Action,32687680,4020624,88,2013,594.0997673,287.8057791,13,17.30250881,
The Counselor,20th Century Fox,Thriller/Suspense,16960224,2086128,124,2013,574.1567744,289.314763,7,16.6463814,
The Lone Ranger,Walt Disney,Western,89302115,10984269,39,2013,551.0835211,295.919684,17,18.30753573,
Skyfall,Sony Pictures,Action,7555911,929386,148,2013,542.8875264,275.5033751,5,15.83784073,
Rise of the Guardians,Paramount Pictures,Adventure,6185091,760773,156,2013,537.4990293,267.0793559,5,15.63765228,
The Iceman,Alchemy,Drama,1930282,237427,199,2013,537.0151948,259.0940003,3,14.47317666,
Percy Jackson: Sea of Monsters,20th Century Fox,Adventure,68518210,8427824,50,2013,523.0317736,244.7949118,17,18.04261011,
12 Years a Slave,Fox Searchlight,Drama,38472086,4732113,81,2013,540.7200323,220.5642391,13,17.4654435,
Amour,Sony Pictures Cla...,Drama,6427707,790615,155,2013,558.6756175,219.3005296,5,15.67612842,
Snitch,Lionsgate,Thriller/Suspense,42930462,5280499,77,2013,561.9543221,201.6016569,13,17.5750922,
Black Nativity,20th Century Fox,Musical,7012316,862523,151,2013,579.9427463,200.9562133,5,15.76317859,
Ender's Game,Lionsgate,Adventure,61656849,7583868,57,2013,590.4120873,183.915295,15,17.93709488,
The Heat,20th Century Fox,Comedy,159581587,19628731,15,2013,625.2769732,186.9877096,20,18.88806587,
Grown Ups 2,Sony Pictures,Comedy,133668525,16441392,20,2013,658.9919862,208.5120655,20,18.7108736,
Oldboy,FilmDistrict,Action,2193658,269822,194,2013,668.0401148,229.6575466,3,14.60108103,
Rush,Universal,Drama,26947624,3314590,97,2013,679.1426252,234.2110356,9,17.10940569,
Jack Reacher,Paramount Pictures,Thriller/Suspense,15373522,1890962,129,2013,679.1598119,250.2110263,7,16.54815724,
Battle of the Year 3D,Sony Pictures,Drama,8888355,1093278,142,2013,672.1325757,259.9382023,5,16.00025255,
The Sapphires,Weinstein Co.,Musical,2450867,301459,185,2013,664.8038659,263.1460071,3,14.7119524,
Metallica Through the Never,Picturehouse,Concert/Perfor...,3419967,420660,173,2013,668.9593388,267.4740604,3,15.04514146,
Despicable Me 2,Universal,Adventure,367956735,45259130,3,2013,697.5829824,276.3756358,25,19.72347592,
Enough Said,Fox Searchlight,Comedy,17497669,2152234,122,2013,677.2855253,301.1145372,7,16.67757823,
Star Trek Into Darkness,Paramount Pictures,Adventure,228778661,28140056,11,2013,669.1390691,326.8562397,20,19.24826555,
The Twilight Saga: Breaking...,Lionsgate,Drama,3191381,392543,178,2013,649.5748908,314.7631453,3,14.9759643,
Olympus Has Fallen,FilmDistrict,Thriller/Suspense,98927592,12168215,33,2013,632.1678618,325.3968441,17,18.40989875,
Gangster Squad,Warner Bros.,Action,46000903,5658167,71,2013,605.8479951,311.0001565,13,17.64417158,
Philomena,Weinstein Co.,Drama,19586311,2409140,114,2013,586.4152652,306.2705679,7,16.79034146,
The Impossible,Lionsgate,Drama,15607469,1919737,128,2013,572.4290195,306.8909965,7,16.56326014,
The Bling Ring,A24,Drama,5845732,719032,160,2013,563.0520846,314.3791934,5,15.58122238,
The Guilt Trip,Paramount Pictures,Comedy,6022333,740754,158,2013,553.6445513,317.7701102,5,15.61098528,
Texas Chainsaw 3D,Lionsgate,Horror,12597475,1549504,134,2013,543.7078795,316.6464761,5,16.34900696,
You're Next,Lionsgate,Horror,18494006,2274785,118,2013,532.8535299,311.5295341,7,16.73295724,
Turbo,20th Century Fox,Adventure,83028130,10212562,43,2013,517.1804753,293.3538537,17,18.23469002,
Argo,Warner Bros.,Thriller/Suspense,25918584,3188017,100,2013,511.3407228,268.0181617,9,17.0704708,
No,Sony Pictures Cla...,Drama,2341226,287973,190,2013,507.0455074,256.8132019,3,14.66618528,
Safe Haven,Relativity,Drama,71399120,8782179,47,2013,489.1688729,247.8451509,17,18.0837961,
Pulling Strings,Lionsgate,Romantic Comedy,5842961,718691,161,2013,504.8475506,232.4120998,5,15.58074825,
Zero Dark Thirty,Sony Pictures,Thriller/Suspense,91314578,11231805,37,2013,512.0797542,211.634823,17,18.329821,
Prisoners,Warner Bros.,Thriller/Suspense,61002302,7503358,58,2013,536.2024867,190.6087969,15,17.92642216,
Closed Circuit,Focus Features,Thriller/Suspense,5750995,707379,162,2013,555.3567646,184.8543516,5,15.56488344,
Cloudy with a Chance of Mea...,Sony Pictures,Adventure,117614237,14466695,24,2013,563.707875,161.2904183,20,18.58292065,
Parker,FilmDistrict,Thriller/Suspense,17616641,2166868,121,2013,590.7005992,161.9171869,7,16.68435452,
Dhoom 3,Yash Raj Films,Action,7846872,965174,146,2013,601.4552413,167.2405011,5,15.87562554,
Top Gun,Paramount Pictures,Action,5418430,666473,165,2013,611.4001892,166.1926413,5,15.50531666,
The Spectacular Now,A24,Drama,6852971,842923,153,2013,620.660301,162.4176803,5,15.74019284,
The Mortal Instruments: Cit...,Sony Pictures,Adventure,31165421,3833385,93,2013,634.3400335,159.4402788,9,17.25481974,
RED 2,Lionsgate,Action,53262560,6551360,66,2013,655.8854546,170.0135861,15,17.7907442,
Riddick,Universal,Action,42025135,5169143,78,2013,680.4539537,183.4444779,13,17.55377845,
In a World...,Roadside Attractions,Comedy,2963271,364485,180,2013,680.1277028,199.4411513,3,14.90180428,
Frances Ha,IFC Films,Comedy,4066826,500224,171,2013,681.7546387,205.2163638,3,15.2183734,
The To Do List,CBS Films,Comedy,3491669,429479,172,2013,681.8325095,211.2158584,3,15.0658904,
Thor: The Dark World,Walt Disney,Action,203449204,25024502,12,2013,703.6035811,218.633435,20,19.13092692,
The Big Wedding,Lionsgate,Romantic Comedy,21819348,2683806,107,2013,712.996514,246.0701406,9,16.89830766,
2013 Oscar Shorts,Shorts International,Multiple Genres,2142342,263510,195,2013,717.8424958,257.0481395,3,14.57741018,
Warm Bodies,Lionsgate,Romantic Comedy,66380662,8164903,52,2013,735.0436975,262.3508427,15,18.01091634,
Pacific Rim,Warner Bros.,Action,101802906,12521882,30,2013,737.4386653,297.2688055,20,18.43854921,
The Internship,20th Century Fox,Comedy,44672764,5494804,75,2013,708.3342486,312.8229989,13,17.61487457,
To the Arctic 3D,Warner Bros.,Documentary,2930286,360428,181,2013,694.8311541,304.2400835,3,14.89061059,
The Smurfs 2,Sony Pictures,Adventure,71017784,8735274,48,2013,702.7614418,342.300852,17,18.07844088,
Delivery Man,Walt Disney,Comedy,29866438,3673608,94,2013,679.5111231,353.937977,9,17.21224593,
Frozen,Walt Disney,Musical,296691729,36493447,4,2013,647.9359835,366.5479159,25,19.50820421,
Identity Thief,Universal,Comedy,134506920,16544516,19,2013,605.6384882,351.188167,20,18.71712621,
Mandela: Long Walk to Freedom,Weinstein Co.,Drama,7061587,868583,150,2013,598.2331849,327.3101125,5,15.77018037,
The Wizard of Oz,Warner Bros.,Musical,5509334,677654,164,2013,590.703819,320.7291817,5,15.5219543,
That Awkward Moment,FilmDistrict,Romantic Comedy,26068955,3190814,98,2014,576.790543,322.2850575,9,17.0762557,
Get on Up,Universal,Drama,30569935,3741730,90,2014,558.8398566,335.0040535,13,17.23552757,
The Best of Me,Relativity,Drama,26739759,3272920,97,2014,537.6064816,329.2469897,9,17.10166212,
The Book of Life,20th Century Fox,Adventure,49322356,6037008,68,2014,513.9517711,325.1905538,15,17.713888,
Jack Ryan: Shadow Recruit,Paramount Pictures,Action,50577412,6190625,66,2014,489.0059414,308.5260532,15,17.73901563,
Legends of Oz: Dorothy's Re...,Clarius Entertain...,Adventure,8462347,1035782,149,2014,495.501338,289.6101916,5,15.95113712,
Sin City: A Dame to Kill For,Weinstein Co.,Action,13757804,1683941,134,2014,499.3980523,280.4006521,5,16.43711678,
The Wind Rises,Walt Disney,Drama,5201879,636704,163,2014,497.5749293,270.5682453,5,15.46453046,
Dallas Buyers Club,Focus Features,Drama,10997442,1346076,138,2014,487.6052962,269.7895176,5,16.21317326,
Under the Skin,A24,Thriller/Suspense,2614251,319981,191,2014,480.6042019,265.9185128,3,14.77648819,
The Identical,Freestyle Releasing,Drama,2827666,346103,185,2014,475.6289481,262.5648804,3,14.85496219,
Kick,UTV Communications,Action,2472695,302655,193,2014,471.8722876,257.8864724,3,14.72081921,
The Legend of Hercules,Lionsgate,Adventure,18848538,2307042,115,2014,465.2999072,250.3496418,7,16.75194591,
When the Game Stands Tall,Sony Pictures,Drama,30127963,3687633,92,2014,466.8973101,234.429582,9,17.2209643,
This is Where I Leave You,Warner Bros.,Comedy,34296320,4197835,85,2014,482.2348789,218.657487,13,17.35054862,
If I Stay,Warner Bros.,Drama,50474843,6178071,67,2014,487.4913484,191.1553138,15,17.73698561,
Tyler Perry's A Madea Chris...,Lionsgate,Comedy,2316077,283485,197,2014,505.4181613,192.7768491,3,14.65538536,
12 Years a Slave,Fox Searchlight,Drama,18199907,2227650,118,2014,514.0425394,187.7152186,7,16.71692704,
The Maze Runner,20th Century Fox,Action,102104191,12497452,28,2014,517.6146544,160.9525582,20,18.44150433,
Tammy,Warner Bros.,Comedy,84525432,10345830,37,2014,540.8734254,132.1770552,17,18.25256302,
Transformers: Age of Extinc...,Paramount Pictures,Action,245439076,30041502,5,2014,580.9901826,119.7413889,25,19.31855931,
Moms' Night Out,Sony Pictures,Adventure,10429707,1276585,144,2014,585.6839834,149.3719176,5,16.16016873,
Belle,Fox Searchlight,Drama,10726630,1312929,139,2014,595.5594953,150.9448977,5,16.18823999,
Devil's Due,20th Century Fox,Horror,15821461,1936531,127,2014,606.816167,155.1027026,7,16.57687787,
The Grand Budapest Hotel,Fox Searchlight,Comedy,58850714,7203269,54,2014,621.7888406,138.9837992,15,17.89051452,
Winter's Tale,Warner Bros.,Drama,12600231,1542255,137,2014,640.2248222,146.7371587,5,16.34922571,
Sabotage,Open Road,Action,10508518,1286232,143,2014,649.1897771,151.1676873,5,16.16769672,
Captain America: The Winter...,Walt Disney,Action,259746958,31792773,3,2014,674.0500926,134.3758824,25,19.37521848,
The Quiet Ones,Lionsgate,Horror,8509867,1041599,148,2014,675.0693208,164.3585637,5,15.95673687,
Nebraska,Paramount Pictures,Drama,10651616,1303747,141,2014,684.9319513,166.0103866,5,16.18122218,
Addicted,Lionsgate,Drama,17390770,2128613,122,2014,695.9398737,170.7880059,7,16.67145016,
No Good Deed,Sony Pictures,Thriller/Suspense,52543632,6431289,62,2014,712.8391798,184.8739369,15,17.77715447,
Step Up All In,Lionsgate,Drama,14904384,1824282,129,2014,725.5140169,202.8558306,7,16.51716596,
The Pyramid,20th Century Fox,Horror,2695735,329955,189,2014,725.8644943,212.849687,3,14.80718145,
The Theory of Everything,Focus Features,Drama,24772350,3032111,102,2014,732.2737638,222.9946989,9,17.02523867,
Maleficent,Walt Disney,Adventure,241407328,29548020,6,2014,429.598227,240.5933013,22,19.30199622,
Draft Day,Lionsgate,Drama,28842237,3530261,94,2014,758.6763854,266.5336718,9,17.17735143,
Alexander and the Terrible,Walt Disney,Adventure,66032663,8082333,46,2014,773.2719104,288.0504246,17,18.00566007,
Cesar Chavez,Lionsgate,Drama,5571497,681945,159,2014,760.7991812,306.1730907,5,15.53317434,
Obvious Child,A24,Romantic Comedy,3122616,382205,181,2014,755.1975433,311.8846275,3,14.95418167,
Let's Be Cops,20th Century Fox,Comedy,82390774,10084550,40,2014,604,417.2249222,17,18.22698402,
Dear White People,Lionsgate/Roadsid...,Comedy,4376622,535694,168,2014,731.7776031,321.619419,5,15.29178775,
Whiplash,Sony Pictures Cla...,Drama,5901617,722352,156,2014,722.1580175,328.3513731,5,15.59073694,
Chef,Open Road,Comedy,31424004,3846267,87,2014,730.7030878,353.221677,13,17.26308262,
The Skeleton Twins,Lionsgate/Roadsid...,Drama,5284309,646794,161,2014,714.4433331,360.9431002,5,15.48025242,
Interstellar,Paramount Pictures,Adventure,182802094,22374797,15,2014,696.9969245,378.849044,20,19.02391467,
Big Eyes,Weinstein Co.,Drama,9924025,1214690,145,2014,672.4891788,383.7856827,5,16.11046914,
Need for Speed,Walt Disney,Action,43568507,5332742,75,2014,665.3643237,400.3155478,13,17.58984513,
Dumb and Dumber To,Universal,Comedy,84863720,10387236,36,2014,636.0825114,406.8405356,17,18.25655723,
Anchorman 2: The Legend Con...,Paramount Pictures,Comedy,18639235,2281424,116,2014,623.0619578,386.6795539,7,16.74077933,
47 Ronin,Universal,Action,5674795,694589,158,2014,619.2421593,375.30374,5,15.551545,
Sex Tape,Sony Pictures,Comedy,38543473,4717683,82,2014,603.2289968,384.100085,13,17.46729733,
300: Rise of an Empire,Warner Bros.,Action,106580051,13045293,26,2014,572.1366151,373.0427889,20,18.48440691,
Godzilla,Warner Bros.,Action,200676069,24562554,12,2014,535.0198978,358.1314074,20,19.11720257,
The Judge,Warner Bros.,Drama,47063106,5760478,71,2014,502.8253477,350.8849637,13,17.66699994,
Pompeii,Sony Pictures,Action,23169033,2835866,108,2014,490.8060467,332.4584501,9,16.95832716,
Unbroken,Universal,Drama,62266245,7621327,49,2014,464.9593564,329.6391239,17,17.94693002,
God's Not Dead,Pure Flix Enterta...,Drama,60755732,7436442,51,2014,460.9543814,297.8907354,15,17.92237199,
Vampire Academy,Weinstein Co.,Comedy,7791979,953730,151,2014,479.6698958,290.8388191,5,15.86860543,
What If,CBS Films,Romantic Comedy,3493000,427539,176,2014,487.5096491,289.2456249,3,15.06627152,
Horrible Bosses 2,Warner Bros.,Black Comedy,53063469,6494916,61,2014,453.4043972,268.856312,15,17.78699928,
The Good Lie,Warner Bros.,Drama,2716989,332556,188,2014,455.3184517,250.9583682,3,14.81503484,
Veronica Mars,Warner Bros.,Drama,3322127,406625,178,2014,456.766701,245.1357764,3,15.0161158,
Calvary,Fox Searchlight,Black Comedy,3600006,440637,173,2014,455.8865603,239.2006815,3,15.09644607,
Before I Go to Sleep,Clarius Entertain...,Thriller/Suspense,3242457,396873,179,2014,454.9531055,233.2737377,3,14.99184193,
Bang Bang,FIP,Action,2581138,315928,192,2014,457.0057017,227.6357551,3,14.76374094,
Mr. Peabody & Sherman,20th Century Fox,Adventure,111506430,13648277,25,2014,452.1212929,205.1603785,20,18.52959282,
Planes: Fire and Rescue,Walt Disney,Adventure,59157732,7240848,53,2014,464.1604426,172.2961294,15,17.89571786,
Into the Woods,Walt Disney,Musical,90871655,11122601,34,2014,483.445007,146.7597714,17,18.32495868,
Into the Storm,Warner Bros.,Thriller/Suspense,47602194,5826461,70,2014,508.6991746,127.1071121,15,17.67838941,
Dolphin Tale 2,Warner Bros.,Drama,42024533,5143761,79,2014,526.7552939,105.7067253,13,17.55376412,
Transcendence,Warner Bros.,Thriller/Suspense,23022309,2817908,109,2014,548.6915427,107.3803409,9,16.95197426,
About Last Night,Sony Pictures,Romantic Comedy,48637684,5953204,69,2014,559.5461243,85.97524661,15,17.69990918,
Neighbors,Universal,Comedy,150086800,18370477,19,2014,593.2209099,76.43539265,20,18.82672435,
Million Dollar Arm,Walt Disney,Drama,36447959,4461194,84,2014,614.4393732,101.7094271,13,17.41139602,
The Purge: Anarchy,Universal,Thriller/Suspense,71562550,8759186,44,2014,644.2855408,104.7436119,17,18.08608245,
Son of God,20th Century Fox,Drama,59700064,7307229,52,2014,674.5605754,94.37913996,15,17.90484365,
Tyler Perry's The Single Mo...,Lionsgate,Comedy,15995891,1957881,126,2014,691.9524365,107.8521933,7,16.58784243,
Ida,Music Box Films,Drama,3704612,453440,172,2014,696.0026396,116.9952702,3,15.12508909,
2014 Oscar Shorts,ShortsHD,Multiple Genres,2357890,288603,196,2014,699.2016049,122.0713535,3,14.67327771,
Hot Tub Time Machine 2,Paramount Pictures,Comedy,12314651,1460812,126,2015,890.7563179,246.9193578,7,16.32630025,
McFarland  USA,Walt Disney,Drama,44480275,5276426,62,2015,893.0806422,225.042486,15,17.61055639,
Southpaw,Weinstein Co.,Drama,52421953,6218499,54,2015,912.7424232,247.7011349,15,17.77483601,
Straight Outta Compton,Universal,Drama,161197785,19121920,19,2015,893.6629288,277.0434745,20,18.89814265,
The Visit,Universal,Horror,65206105,7735007,44,2015,860.4915275,293.4342688,17,17.99306366,
Danny Collins,Bleecker Street,Comedy,5637066,668691,161,2015,842.9180615,280.1989641,5,15.54487428,
Everest,Universal,Adventure,43482270,5158039,65,2015,822.9243554,279.697248,15,17.58786383,
Focus,Warner Bros.,Comedy,53862963,6389438,52,2015,809.1737085,253.0341704,15,17.80195366,
Space Station,IMAX Films,Documentary,3201391,379761,183,2015,821.5064935,239.9230143,3,14.97909596,
Trumbo,Bleecker Street,Drama,7015228,832174,149,2015,822.1206235,231.9466213,5,15.76359377,
Mr. Turner,Sony Pictures Cla...,Drama,2995728,355365,190,2015,827.8997648,226.4147568,3,14.91269783,
Concussion,Sony Pictures,Drama,17420369,2066473,114,2015,831.7408293,217.1818686,7,16.67315071,
The Second Best Exotic Mari...,Fox Searchlight,Comedy,33078266,3923875,78,2015,847.1483897,204.4301205,13,17.31438701,
A Walk in the Woods,Broad Green Pictures,Adventure,29499394,3499334,85,2015,873.1304477,205.3958645,13,17.19988028,
Annie,Sony Pictures,Musical,28959342,3435272,87,2015,897.8892428,197.4584805,13,17.1814034,
Seventh Son,Universal,Adventure,17725785,2102703,113,2015,911.1230871,212.453992,7,16.69053092,
Vacation,Warner Bros.,Comedy,58884188,6985075,48,2015,932.7957637,222.7639431,17,17.89108316,
Strange Magic,Walt Disney,Adventure,12429583,1474446,125,2015,934.7190253,246.6867579,7,16.33558992,
Hitman: Agent 47,20th Century Fox,Action,22467450,2665178,100,2015,931.7131488,262.4018686,9,16.92757815,
Blackhat,Universal,Thriller/Suspense,8005980,949701,143,2015,918.4455543,266.870754,5,15.89569932,
Big Eyes,Weinstein Co.,Drama,4558006,540688,170,2015,918.6623158,276.8684045,5,15.33239581,
Woman in Gold,Weinstein Co.,Drama,33307793,3951102,77,2015,921.5867631,294.6292493,13,17.32130195,
Dragon Ball Z: Resurrection...,FUNimation,Action,8008363,949983,142,2015,904.3055342,299.6650339,5,15.89599693,
The Gambler,Paramount Pictures,Drama,6074726,720608,156,2015,894.5883214,302.0263416,5,15.61964744,
Magic Mike XXL,Warner Bros.,Comedy,66013057,7830730,43,2015,881.8005816,319.9281212,17,18.00536311,
Creed,Warner Bros.,Drama,99385165,11789462,28,2015,845.5379123,327.2778708,20,18.41451342,
Prem Ratan Dhan Payo,Fox International,Drama,4364639,517751,171,2015,843.7322971,304.3488553,3,15.28904604,
No Escape,Weinstein Co.,Thriller/Suspense,27288872,3237114,91,2015,747.5413264,232.4564605,9,17.12198956,
Sinister 2,Focus Features,Horror,27740955,3290741,89,2015,808.5789915,303.7432567,13,17.1384204,
The Hunger Games: Mockingja...,Lionsgate,Thriller/Suspense,274185395,32524957,8,2015,715.3263237,416.5089263,22,19.42931506,
Tomorrowland,Walt Disney,Adventure,93436322,11083786,30,2015,777.6153999,237.8990074,20,18.35279071,
The Night Before,Sony Pictures,Comedy,42884826,5087168,66,2015,806.989352,218.8682183,15,17.57402862,
The 33,Warner Bros.,Drama,12049242,1429328,130,2015,824.3167981,205.3124221,7,16.30451231,
Still Alice,Sony Pictures Cla...,Drama,18656400,2213096,107,2015,830.1812879,190.4259262,9,16.74169981,
Sicario,Lionsgate,Thriller/Suspense,46823967,5554444,60,2015,849.7652854,176.552677,15,17.66190575,
Foxcatcher,Sony Pictures Cla...,Drama,4153511,492705,173,2015,857.9202653,192.5993683,3,15.23946456,
Jupiter Ascending,Warner Bros.,Action,47482519,5632564,58,2015,879.7621388,176.1181876,15,17.67587218,
The Hunger Games: Mockingja...,Lionsgate,Thriller/Suspense,13401383,1589725,122,2015,901.6959006,177.8240883,7,16.41086847,
Project Almanac,Paramount Pictures,Adventure,22348241,2651036,101,2015,916.0071029,184.9787712,9,16.92225817,
Home,20th Century Fox,Adventure,177397510,21043595,15,2015,944.8705542,187.789675,20,18.99390359,
Scouts Guide to the Zombie ...,Paramount Pictures,Comedy,3703046,439269,176,2015,948.5848666,210.4877781,3,15.12466628,
Amy,A24,Documentary,8409616,997581,140,2015,953.88046,216.4841678,5,15.94488637,
Love & Mercy,Roadside Attractions,Drama,12551031,1488853,124,2015,956.156491,228.2663443,7,16.34531337,
Birdman or (The Unexpected ...,Fox Searchlight,Black Comedy,18067553,2143245,110,2015,950.3269815,243.1665731,9,16.70962824,
Our Brand is Crisis,Warner Bros.,Drama,7002261,830635,150,2015,943.9727251,255.641485,5,15.76174365,
Mad Max: Fury Road,Warner Bros.,Action,153214368,18174895,21,2015,956.665399,277.1797307,20,18.8473486,
The Last Witch Hunter,Lionsgate,Action,27367660,3246460,90,2015,944.0725771,307.6825312,13,17.12487258,
Furious 7,Universal,Action,353007020,41875091,5,2015,920.0998694,337.1665826,25,19.6819985,
Mission: Impossible—Rogue N...,Paramount Pictures,Action,195042377,23136699,12,2015,879.6403572,356.8650056,20,19.08872741,
Suffragette,Focus Features,Drama,4668603,553808,169,2015,855.5490909,350.1858673,5,15.35637044,
Secret in Their Eyes,STX Entertainment,Thriller/Suspense,20119034,2386599,104,2015,842.8860289,356.1563665,9,16.81717689,
The Theory of Everything,Focus Features,Drama,11121187,1319239,133,2015,831.522106,347.9794933,5,16.22436259,
Hotel Transylvania 2,Sony Pictures,Adventure,168471018,19984700,16,2015,807.7241227,340.3207734,20,18.94227429,
Selma,Paramount Pictures,Drama,52076908,6177569,56,2015,782.0918293,316.4883263,15,17.76823218,
A La Mala,Lionsgate,Romantic Comedy,3629842,430586,177,2015,789.8227312,300.7050376,3,15.10469968,
Joy,20th Century Fox,Drama,28310094,3358256,88,2015,740.8317966,116.1665111,13,17.15872898,
Phoenix,IFC Films,Drama,3166858,375665,184,2015,755.0533642,285.4941946,3,14.96825049,
Jurassic World,Universal,Action,652270625,77374926,2,2015,537.0198978,400.5314074,25,20.2959701,
Max,Warner Bros.,Adventure,42656255,5060053,67,2015,713.1974737,130.7950558,15,17.56868448,
Shaun the Sheep,Lionsgate,Adventure,19375982,2298455,106,2015,763.1464882,212.7663475,9,16.77954482,
Get Hard,Warner Bros.,Comedy,90411453,10724964,31,2015,783.7338676,196.886807,17,18.31988151,
Dilwale,UTV Communications,Romantic Comedy,4704632,558082,168,2015,805.6402919,198.9137693,5,15.36405811,
The Good Dinosaur,Walt Disney,Adventure,114766932,13614108,25,2015,809.3811461,170.218153,20,18.55841395,
The DUFF,CBS Films,Comedy,34030343,4036814,76,2015,836.7405265,151.7664781,13,17.34276313,
Grandma,Sony Pictures Cla...,Comedy,6928220,821852,151,2015,853.963434,156.9982517,5,15.75111348,
Spectre,Sony Pictures,Action,197102585,23381090,11,2015,873.6958216,141.6479135,20,19.09923489,
The Boy Next Door,Universal,Thriller/Suspense,36006065,4271182,72,2015,902.4511626,157.8383539,13,17.39919795,
True Story,Fox Searchlight,Drama,4719695,559869,167,2015,914.6856572,171.0412757,5,15.36725474,
Chi-raq,Amazon Studios/Ro...,Drama,2601330,308580,192,2015,921.8898796,174.5196632,3,14.77153341,
What We Do in the Shadows,Unison/Paladin,Comedy,3469224,411533,181,2015,927.5815348,172.6209635,3,15.0594415,
Ricki and the Flash,Sony Pictures,Drama,26839498,3183808,93,2015,932.3748811,161.6198803,9,17.10538517,
Paper Towns,20th Century Fox,Drama,32000304,3796003,82,2015,953.6385706,152.9758118,13,17.28125596,
Captive,Paramount Pictures,Drama,2583301,306441,193,2015,960.1443589,170.5934286,3,14.7645786,
The Gunman,Open Road,Thriller/Suspense,10664749,1265094,134,2015,966.5649731,175.3658193,5,16.18245437,
2015 Oscar Shorts,ShortsHD,Multiple Genres,2412493,286179,198,2015,967.431816,183.3187171,3,14.69617121,
Bajirao Mastani,Eros Entertainment,Drama,5848971,693828,159,2015,969.6634234,191.00116,5,15.58177631,
Back to the Future,Universal,Adventure,12127168,1438572,129,2015,967.3319682,202.7724945,7,16.31095878,
We Are Your Friends,Warner Bros.,Drama,3591417,426028,179,2015,958.0962388,206.6067222,3,15.09405739,
Little Boy,Open Road,Drama,6485961,769390,155,2015,963.6116732,214.181237,5,15.68515055,
The Intern,Warner Bros.,Comedy,75574886,8964992,39,2015,980.1528204,228.6860793,17,18.14063459,
Café Society,Lionsgate,Drama,11103205,1283607,139,2016,964.3052855,243.9456874,5,16.22274436,
The Man Who Knew Infinity,IFC Films,Drama,3877922,448314,183,2016,959.7879877,250.5482642,3,15.17081,
When the Bough Breaks,Sony Pictures,Thriller/Suspense,29747603,3439029,90,2016,983.841041,258.4584999,13,17.20825912,
A Hologram for the King,Roadside Attractions,Drama,4212494,486993,177,2016,979.4210266,273.8358688,3,15.25356543,
The Young Messiah,Focus Features,Drama,6469813,747955,161,2016,981.2679643,281.6197509,5,15.68265776,
Jason Bourne,Universal,Action,162192920,18750626,16,2016,983.8942632,306.4814193,20,18.90429705,
Central Intelligence,Warner Bros.,Comedy,127440871,14733049,22,2016,964.8739715,341.6698905,20,18.66316306,
Anomalisa,Paramount Pictures,Comedy,3548654,410249,189,2016,944.1125844,351.5676076,3,15.08207893,
London Has Fallen,Focus Features,Thriller/Suspense,62524260,7228238,50,2016,943.6249716,371.9598228,17,17.9510652,
Fifty Shades of Black,Open Road,Comedy,11686940,1351091,137,2016,922.1695642,367.0951035,5,16.27398254,
Alvin and the Chipmunks: Th...,20th Century Fox,Adventure,30311560,3504226,88,2016,906.5264421,375.9997499,13,17.22703972,
Mechanic: Resurrection,Lionsgate,Action,21218403,2452994,107,2016,886.4734995,385.0484789,9,16.87037943,
Tyler Perry's Boo! A Madea ...,Lionsgate,Comedy,73206343,8463161,41,2016,860.7262925,388.6652911,17,18.10879263,
13 Hours: The Secret Soldie...,Paramount Pictures,Thriller/Suspense,52853219,6110198,62,2016,830.9393872,376.9716914,15,17.78302918,
Almost Christmas,Universal,Drama,42002805,4855815,70,2016,801.0274941,374.67416,15,17.55324696,
Whiskey Tango Foxtrot,Paramount Pictures,Comedy,23083334,2668593,105,2016,784.3197063,357.4448295,9,16.95462144,
The Hunger Games: Mockingja...,Lionsgate,Thriller/Suspense,7538507,871503,157,2016,782.928906,343.5140839,5,15.83553471,
The Queen of Katwe,Walt Disney,Drama,8857311,1023966,152,2016,776.6475351,335.733057,5,15.99675378,
The Accountant,Warner Bros.,Thriller/Suspense,85856696,9925630,35,2016,754.7951921,333.188434,17,18.26819014,
Shut In,EuropaCorp,Thriller/Suspense,6897838,797437,159,2016,743.5200337,399.2974096,5,15.74671859,
Hail  Caesar!,Universal,Comedy,30080225,3477482,89,2016,824.7346017,100.3238412,13,17.21937854,
Mike and Dave Need Wedding ...,20th Century Fox,Comedy,46009673,5319037,68,2016,949.3147544,93.75658607,15,17.64436221,
Suicide Squad,Warner Bros.,Action,325100054,37583821,9,2016,906.7681704,450.4200108,22,19.59964355,
The Brothers Grimsby,Sony Pictures,Comedy,6864016,793527,160,2016,740.9189454,244.7425602,5,15.74180325,
Popstar: Never Stop Never S...,Universal,Comedy,9496130,1097818,147,2016,726.3557565,239.3741136,5,16.06639491,
Miracles from Heaven,Sony Pictures,Drama,61705123,7133540,51,2016,765.8765442,404.5096084,15,17.93787752,
Southside with You,Roadside Attractions,Drama,6304223,728811,163,2016,745.2103211,218.2853921,5,15.65673028,
Alice Through the Looking G...,Walt Disney,Adventure,77042381,8906633,38,2016,744.4407399,194.7082473,17,18.15986623,
Jack Reacher: Never Go Back,Paramount Pictures,Action,58574515,6771620,54,2016,765.4843049,170.6008134,15,17.88581026,
Brooklyn,Fox Searchlight,Drama,18758748,2168641,115,2016,784.5480388,159.6201918,7,16.74717076,
Inferno,Sony Pictures,Thriller/Suspense,34221651,3956260,84,2016,793.0742866,141.5286717,13,17.34836907,
Barbershop: The Next Cut,Warner Bros.,Comedy,54030051,6246249,61,2016,818.7346017,130.3238412,15,17.80505095,
The Boy,STX Entertainment,Horror,35819556,4140989,79,2016,845.9571462,123.7715077,13,17.39400456,
The Witch,A24,Horror,25138705,2906208,100,2016,790.5721447,267.8089862,9,17.03991925,
My Big Fat Greek Wedding 2,Universal,Comedy,59689605,6900532,53,2016,889.3183616,110.3280118,15,17.90466844,
Ratchet and Clank,Focus Features,Adventure,8813410,1018891,153,2016,895.4671661,129.3593597,5,15.99178498,
10 Cloverfield Lane,Paramount Pictures,Thriller/Suspense,72082999,8333294,43,2016,917.3325403,131.7894653,17,18.09332878,
Hunt for the Wilderpeople,The Orchard,Comedy,5205471,601788,167,2016,919.9529826,153.632846,5,15.46522075,
Mother's Day,Open Road,Romantic Comedy,32492859,3756399,85,2016,947.3147544,123.7565861,13,17.2965309,
Sisters,Universal,Comedy,37921265,4383961,74,2016,974.3171527,130.8896134,13,17.45102259,
The 5th Wave,Sony Pictures,Action,34912982,4036182,82,2016,979.5221569,162.871365,13,17.3683693,
Ben-Hur,Paramount Pictures,Adventure,26410477,3053234,99,2016,982.1709413,184.7113271,9,17.08927135,
The Lobster,A24,Romantic Comedy,9196278,1063153,150,2016,978.4272874,198.2015108,5,16.03430939,
Ice Age: Collision Course,20th Century Fox,Adventure,64063008,7406128,48,2016,1001.436031,202.1714619,17,17.97537766,
Blair Witch,Lionsgate,Horror,20777061,2401972,109,2016,1006.135718,227.7431836,9,16.8493601,
Incarnate,High Top Releasing,Horror,4799774,554887,171,2016,998.3859566,236.9051269,3,15.38407939,
Lion,Weinstein Co.,Drama,5303700,613145,166,2016,995.5605934,244.389599,5,15.48391525,
Ghostbusters,Sony Pictures,Comedy,128350574,14838216,21,2016,1016.828005,257.5310297,20,18.67027594,
La La Land,Lionsgate,Musical,34268613,3961689,83,2016,1012.634084,290.2634453,13,17.34974042,
A Man Called Ove,Music Box Films,Comedy,3336006,385665,194,2016,1006.85766,305.1843339,3,15.02028484,
The Magnificent Seven,Sony Pictures,Western,93420253,10800029,30,2016,1019.735472,324.2411423,20,18.35261872,
The Choice,Lionsgate,Drama,18730891,2165420,116,2016,993.7615626,331.6137969,7,16.74568464,
Miss Sloane,EuropaCorp,Drama,3493636,403888,190,2016,987.7833406,339.6300842,3,15.06645359,
Don't Think Twice,Film Arcade,Comedy,4417983,510749,174,2016,987.5313931,345.624792,3,15.30119382,
Doctor Strange,Walt Disney,Action,230107790,26602056,10,2016,996.9505373,368.7825062,22,19.25405841,
Arrival,Paramount Pictures,Drama,92191690,10657998,31,2016,968.3505727,395.2974459,17,18.33938055,
The Secret Life of Pets,Universal,Adventure,368384330,42587783,4,2016,929.6260539,411.5581852,25,19.72463733,
Everybody Wants Some,Paramount Pictures,Comedy,3400278,393095,192,2016,927.3952055,383.6471961,3,15.03936775,
Morgan,20th Century Fox,Thriller/Suspense,3915251,452630,181,2016,924.6590023,378.3074215,3,15.18039,
Jackie,Fox Searchlight,Drama,6469725,747945,162,2016,905.3299288,393.959938,5,15.68264416,
Zoolander 2,Paramount Pictures,Comedy,28848693,3335109,92,2016,893.5873665,401.5830758,9,17.17757525,
Batman v Superman: Dawn of ...,Warner Bros.,Action,330360194,38191930,8,2016,873.7681704,425.4200108,22,19.61569411,
Dirty Grandpa,Lionsgate,Comedy,35593113,4114810,80,2016,841.55293,411.7386994,13,17.38766272,
Manchester-by-the Sea,Roadside Attractions,Drama,28470697,3291410,93,2016,823.155805,399.6744633,9,17.16438594,
Lights Out,Warner Bros.,Horror,67268835,7776744,44,2016,798.078074,406.537947,17,18.02420761,
The Edge of Seventeen,STX Entertainment,Drama,14406786,1665524,130,2016,783.2650624,387.6547617,7,16.4832099,
Miss Peregrine's Home for P...,20th Century Fox,Adventure,86945137,10051461,34,2016,763.8765442,373.5096084,17,18.28078787,
Criminal,Lionsgate,Action,14708696,1700427,128,2016,747.4302868,421.0304603,7,16.50394944,
Me Before You,Warner Bros.,Drama,56245075,6502321,56,2016,731.7340867,383.569408,15,17.84522904,
Denial,Bleecker Street,Drama,4073448,470918,179,2016,734.8076857,332.4816177,3,15.22000037,
X-Men: Apocalypse,20th Century Fox,Action,155442489,17970229,18,2016,816.578074,438.037947,20,18.86178638,
Triple 9,Open Road,Thriller/Suspense,12639297,1461190,134,2016,689.5871818,302.3047492,5,16.35232133,
Teenage Mutant Ninja Turtle...,Paramount Pictures,Adventure,82051601,9485734,36,2016,918.3325403,98.78946529,17,18.22285889,
Hillary's America: The Secr...,Quality Flix,Documentary,13099931,1514442,133,2016,668.534539,266.4450269,5,16.38811752,
Daddy's Home,Paramount Pictures,Comedy,56467276,6528008,55,2016,679.8932811,425.9466851,15,17.84917184,
Where to Invade Next,Drafthouse Films,Documentary,3827261,442457,184,2016,671.2807609,241.6072277,3,15.15765996,
Dangal,UTV Communications,Action,9225794,1066565,149,2016,678.6853478,221.3678363,5,16.03751381,
The Legend of Tarzan,Warner Bros.,Adventure,126643061,14640816,23,2016,793.0742866,109.5286717,20,18.65688314,
Ride Along 2,Universal,Comedy,90862685,10504356,32,2016,765.4843049,138.6008134,17,18.32485997,
Kung Fu Panda 3,20th Century Fox,Adventure,143528619,16592903,20,2016,732.9029279,157.8159053,20,18.78204501,
Kidnap,Aviron Pictures,Thriller/Suspense,30718107,3424538,83,2017,1182.529434,246.6615774,13,17.24036284,
Norman: The Moderate Rise a...,Sony Pictures Cla...,Drama,3814868,425291,174,2017,1170.715481,235.8712807,3,15.15441662,
Get Out,Universal,Horror,175484140,19563449,15,2017,1177.22372,213.8112982,20,18.98305923,
American Assassin,Lionsgate,Thriller/Suspense,36249674,4041212,73,2017,1204.376632,232.5654805,13,17.40594095,
Fences,Paramount Pictures,Drama,27939289,3114747,89,2017,1205.660611,258.5337573,13,17.14554446,
The Greatest Showman,20th Century Fox,Musical,49036718,5466747,55,2017,1182.771158,274.660534,15,17.70807992,
Everything Everything,Warner Bros.,Drama,34121140,3803918,75,2017,1157.124628,285.8968822,13,17.34542769,
The Emoji Movie,Sony Pictures,Adventure,86089513,9597493,38,2017,1127.788119,292.1713733,17,18.27089816,
The Boss Baby,20th Century Fox,Adventure,175003033,19509814,16,2017,1096.590511,272.2789319,20,18.98031386,
All Eyez on Me,Lionsgate,Drama,44922302,5008060,62,2017,1095.514938,237.2954623,15,17.62044493,
Cars 3,Walt Disney,Adventure,152901115,17045832,21,2017,1110.74103,205.7809242,20,18.84530196,
Silence,Paramount Pictures,Drama,6789497,756911,151,2017,1134.965264,211.9604485,5,15.73088742,
Stronger,Roadside Attractions,Drama,4211129,469468,170,2017,1144.964474,212.0861476,5,15.25324134,
Phoenix Forgotten,Entertainment Stu...,Horror,3600146,401354,180,2017,1151.902551,216.0689967,3,15.09648496,
Girls Trip,Universal,Comedy,115108515,12832610,27,2017,1147.359074,187.2010941,20,18.56138585,
Loving Vincent,Good Deed Enterta...,Drama,6269689,698961,155,2017,1172.270224,189.3069542,5,15.65123731,
A Monster Calls,Focus Features,Drama,3740823,417037,176,2017,1180.091024,190.9907249,3,15.1348162,
Just Getting Started,Broad Green Pictures,Comedy,6036997,673020,158,2017,1188.085272,191.2940451,5,15.61341726,
Wish Upon,Broad Green Pictures,Horror,14301505,1594370,121,2017,1198.521938,197.2165435,7,16.47587533,
Born in China,Walt Disney,Documentary,13873211,1546623,123,2017,1203.969277,210.1133066,7,16.44547027,
Going in Style,Warner Bros.,Comedy,45018541,5018789,61,2017,1225.572975,214.2702609,15,17.62258499,
2017 Oscar Shorts,ShortsHD,Multiple Genres,2835355,316093,188,2017,1220.340647,231.4930003,3,14.85767771,
Despicable Me 3,Universal,Adventure,264624300,29501036,8,2017,1239.237423,248.6546012,22,19.39382164,
Father Figures,Warner Bros.,Comedy,12885287,1436487,125,2017,1221.082224,271.2685074,7,16.37159668,
CHiPS,Warner Bros.,Action,18600152,2073596,107,2017,1207.953586,280.413937,9,16.73868031,
It Comes at Night,A24,Horror,13985117,1559098,122,2017,1196.645896,291.7336602,7,16.45350425,
Murder on the Orient Express,20th Century Fox,Drama,100619624,11217349,34,2017,1178.272846,307.1748727,17,18.42685787,
Night of the Living Dead,Walter Reade Orga...,Horror,12087064,1347498,130,2017,1154.318268,305.6990119,7,16.30764635,
The Mountain Between Us,20th Century Fox,Adventure,30348555,3383339,85,2017,1139.939347,319.6003299,13,17.22825946,
Wonder,Lionsgate,Drama,121559294,13551761,25,2017,1107.099419,322.8467329,20,18.61591272,
Guardians of the Galaxy Vol 2,Walt Disney,Action,389813101,43457424,4,2017,1065.763271,305.0612642,25,19.78117795,
Wolf Warrior 2,The H Collective,Action,2721100,303355,190,2017,1074.43004,278.4363301,3,14.81654677,
Office Christmas Party,Paramount Pictures,Comedy,3630209,404705,177,2017,1073.591528,272.495211,3,15.10480078,
The Space Between Us,STX Entertainment,Drama,7885294,879074,144,2017,1072.820964,264.532408,5,15.88051006,
All Saints,Sony Pictures,Drama,5802208,646846,159,2017,1077.758532,255.8364081,5,15.57374909,
Ingrid Goes West,Neon,Black Comedy,3021133,336804,187,2017,1084.991369,252.4179172,3,14.92114248,
Birth of the Dragon,BH Tilt,Action,6901965,769449,150,2017,1077.432858,245.8417126,5,15.74731671,
Your Name,FUNimation,Drama,5000181,557433,166,2017,1075.555682,236.0194822,5,15.42498467,
The Hitman's Bodyguard,Lionsgate,Action,75468583,8413442,41,2017,1073.448515,214.1206273,17,18.13922701,
Monster Trucks,Paramount Pictures,Adventure,33370166,3720196,78,2017,1084.232834,186.1260126,13,17.32317283,
Daddy's Home 2,Paramount Pictures,Comedy,101791381,11347980,33,2017,1108.748297,168.8346252,17,18.43843599,
Before I Fall,Open Road,Drama,12241072,1364668,129,2017,1132.394287,164.727662,7,16.32030741,
Is Genesis History?,Fathom Events,Documentary,2570355,286550,195,2017,1142.394275,164.7433389,3,14.75955458,
Wonder Woman,Warner Bros.,Action,412563408,45993691,3,2017,1161.835915,144.5933357,25,19.83790047,
Sleight,High Top Releasing,Action,3930990,438237,172,2017,1164.977705,172.4165123,3,15.18440186,
Lion,Weinstein Co.,Drama,46435795,5176789,57,2017,1191.37343,171.5661964,15,17.65358116,
Why Him?,20th Century Fox,Comedy,29689870,3309907,87,2017,1215.230207,186.2241024,13,17.20631647,
Patriots Day,Lionsgate,Thriller/Suspense,31257572,3484679,82,2017,1240.826216,190.7896598,13,17.25777221,
Home Again,Open Road,Romantic Comedy,27020284,3012294,92,2017,1249.358352,211.0677921,9,17.1120984,
The Foreigner,STX Entertainment,Action,34393507,3834281,74,2017,1265.721814,225.7727956,13,17.35337835,
Dangal,UTV Communications,Action,3165967,352950,185,2017,1263.214077,241.5750504,3,14.9679691,
The Snowman,Universal,Thriller/Suspense,6670765,743675,153,2017,1266.235431,248.9825752,5,15.7132451,
I Am Not Your Negro,Magnolia Pictures,Documentary,7123919,794193,148,2017,1264.264344,258.7863918,5,15.77896855,
Tiger Zinda Hai,Yash Raj Films,Action,4572231,509724,168,2017,1258.86021,267.200388,5,15.33551183,
Close Encounters of the Thi...,Columbia,Adventure,3100479,345650,186,2017,1251.536645,270.4199207,3,14.94706717,
A Dog's Purpose,Universal,Drama,64321890,7170779,45,2017,1241.297522,287.6001528,17,17.97941057,
Hazlo Como Hombre,Lionsgate,Comedy,2534252,282525,196,2017,1222.353493,281.187372,3,14.74540908,
Passengers,Sony Pictures,Thriller/Suspense,44634490,4975974,64,2017,1214.327979,304.8235011,15,17.61401744,
Alien: Covenant,20th Century Fox,Horror,74262031,8278933,42,2017,1199.9176,333.3951823,17,18.12311036,
Ghost in the Shell,Paramount Pictures,Action,40563557,4522135,67,2017,1168.187701,337.5440979,15,17.51838061,
47 Meters Down,Entertainment Stu...,Thriller/Suspense,44307193,4939486,65,2017,1139.923372,347.6003254,15,17.60665759,
Beatriz at Dinner,Roadside Attractions,Drama,7115854,793294,149,2017,1120.228167,344.1219761,5,15.77783581,
Live by Night,Warner Bros.,Drama,10283585,1146442,135,2017,1110.839709,347.565354,5,16.14605949,
Jumanji: Welcome to the Jungle,Sony Pictures,Adventure,169002557,18840865,18,2017,1088.157114,358.0772462,20,18.9454244,
20th Century Women,A24,Drama,5486187,611615,163,2017,1084.416824,333.358625,5,15.51774404,
The Mummy,Universal,Adventure,80101125,8929891,40,2017,1053.46296,345.2197297,17,18.19880046,
The Shape of Water,Fox Searchlight,Drama,15670177,1746954,118,2017,1040.667158,324.9153596,7,16.56726991,
La La Land,Lionsgate,Musical,116833190,13024881,26,2017,1050.791021,438.6413571,20,18.57625775,
All the Money in the World,Sony Pictures,Thriller/Suspense,12712380,1417211,127,2017,1039.335621,287.0174481,7,16.35808688,
The Great Wall,Universal,Action,45157105,5034236,59,2017,1050.527055,268.0767036,15,17.62565819,
A Bad Moms Christmas,STX Entertainment,Comedy,71891988,8014714,44,2017,1047.602221,236.2106504,17,18.09067538,
The Fate of the Furious,Universal,Action,225764765,25168870,10,2017,1037.72076,198.4832502,22,19.23500415,
Gifted,Fox Searchlight,Drama,24801212,2764907,95,2017,1062.96631,180.4926353,9,17.02640308,
Doctor Strange,Walt Disney,Action,2534130,282511,197,2017,1073.319588,174.4255405,3,14.74536094,
The Lego Batman Movie,Warner Bros.,Adventure,175750384,19593131,14,2017,1076.015746,151.5841148,20,18.98457527,
Moonlight,A24,Drama,15245163,1699572,119,2017,1102.366487,145.6986684,7,16.53977283,
Table 19,Fox Searchlight,Comedy,3614896,402998,178,2017,1111.782446,149.0661164,3,15.10057364,
Transformers: The Last Knight,Paramount Pictures,Action,130168683,14511558,24,2017,1120.849295,126.0165498,20,18.68434173,
The Zookeeper's Wife,Focus Features,Drama,17445186,1944836,113,2017,1146.184447,116.6821993,7,16.67457429,
Downsizing,Paramount Pictures,Comedy,17160674,1913119,115,2017,1159.597721,112.6717053,7,16.65813093,
Three Billboards Outside Eb...,Fox Searchlight,Black Comedy,30349111,3331406,97,2018,1175.576598,113.4935986,9,17.22827778,
Jumanji: Welcome to the Jungle,Sony Pictures,Adventure,235506359,25851411,7,2018,1204.451997,124.7723979,22,19.27724847,
The Equalizer 2,Sony Pictures,Action,102084362,11205747,32,2018,1225.062831,157.881211,17,18.44131011,
Alpha,Sony Pictures,Adventure,35851379,3935387,83,2018,1253.310835,167.9832068,13,17.39489259,
Midnight Sun,Global Road,Drama,9561064,1049513,144,2018,1257.989219,185.3645967,5,16.07320958,
12 Strong,Warner Bros.,Drama,45819713,5029606,67,2018,1272.889363,198.7057263,15,17.64022497,
The Strangers: Prey at Night,Aviron Pictures,Horror,24431472,2681830,107,2018,1286.480259,218.4867156,9,17.0113827,
Beirut,Bleecker Street,Action,5019226,550957,175,2018,1281.323184,229.3220551,3,15.4287863,
Maze Runner: The Death Cure,20th Century Fox,Action,58032443,6370191,53,2018,1286.10199,246.676104,15,17.87651277,
2018 Oscar Shorts,ShortsHD,Multiple Genres,3508777,385156,189,2018,1272.23963,258.1580452,3,15.0707781,
Second Act,STX Entertainment,Comedy,32792366,3599601,87,2018,1275.606815,273.7997223,13,17.3057063,
Bumblebee,Paramount Pictures,Adventure,71426119,7840408,41,2018,1271.352551,303.4965443,17,18.08417417,
Nobody's Fool,Paramount Pictures,Drama,31713110,3481132,91,2018,1247.127424,312.9381134,9,17.27224072,
Mile 22,STX Entertainment,Action,36108758,3963639,82,2018,1230.681866,327.5512456,13,17.402046,
The Hate U Give,20th Century Fox,Drama,29668644,3256712,102,2018,1221.678269,347.6244924,9,17.20560129,
Creed II,MGM,Drama,112448520,12343416,30,2018,1203.501652,370.2211864,20,18.53800607,
Tully,Focus Features,Comedy,9369755,1028513,145,2018,1187.149315,351.3108432,5,16.05299751,
Upgrade,BH Tilt,Thriller/Suspense,11977130,1314723,136,2018,1177.871919,355.0431241,5,16.29850956,
Pandas,IMAX Films,Documentary,5757906,632042,168,2018,1168.189712,357.5440978,5,15.56608442,
Black Panther,Walt Disney,Action,700059566,76845177,1,2018,1155.180037,384.5764552,25,20.36667598,
Love  Simon,20th Century Fox,Drama,40826341,4481486,78,2018,1120.911031,368.1558815,13,17.52483804,
Jurassic World: Fallen Kingdom,Universal,Action,417719760,45852883,4,2018,1101.754263,400.9738375,25,19.85032134,
Sicario: Day of the Soldado,Sony Pictures,Action,50065850,5495702,60,2018,1065.276043,384.562272,15,17.7288497,
Christopher Robin,Walt Disney,Adventure,99215042,10890783,36,2018,1035.122678,373.8489812,17,18.41280019,
Peter Rabbit,Sony Pictures,Adventure,115234093,12649186,29,2018,1007.33644,143.5079353,20,18.56247621,
Unbroken: Path to Redemption,Pure Flix Enterta...,Drama,6216897,682425,163,2018,1001.488764,322.5291784,5,15.64278147,
The 15:17 to Paris,Warner Bros.,Drama,36276286,3982029,81,2018,1040.026928,95.58016298,13,17.40667481,
The Miracle Season,LD Entertainment,Drama,10230620,1123009,142,2018,998.2731774,275.7810291,5,16.14089574,
Gosnell: The Trial of Ameri...,GVN Releasing,Drama,3679893,403939,187,2018,1004.340631,87,3,15.11839423,
Chappaquiddick,Entertainment Stu...,Drama,17395521,1909497,123,2018,1025.607479,350.0664025,7,16.67172332,
Samson,Pure Flix Enterta...,Drama,4719928,518104,177,2018,1026.476608,276.6789461,3,15.3673041,
Bad Samaritan,Electric Entertai...,Thriller/Sus75pense,3424744,375932,194,2018,1025.460352,284.1203149,3,15.04653728,
RBG,Magnolia Pictures,Documentary,14017361,1538678,130,2018,1022.659714,227.0447785,7,16.45580719,
The Disaster Artist,A24,Comedy,3258821,357719,195,2018,1032.709391,274.5211516,3,14.99687603,
Life of the Party,Warner Bros.,Comedy,53059911,5824359,57,2018,1010.139851,402.6367944,15,17.78693223,
The Nun,Warner Bros.,Horror,117450119,12892439,28,2018,1261.002764,92.11925458,20,18.58152428,
Sanju,20th Century Fox,Drama,7909317,868202,152,2018,1030.721137,300.3405518,5,15.88355199,
Green Book,Universal,Comedy,32153006,3529418,89,2018,1007.629628,177.6080233,13,17.2860165,
Unsane,Bleecker Street,Thriller/Suspense,7690044,844132,153,2018,1024.680754,174.8409528,5,15.85543706,
The House with a Clock in i...,Universal,Comedy,68536400,7523205,45,2018,1039.723751,158.7876589,17,18.04287555,
Can You Ever Forgive Me?,Fox Searchlight,Drama,7543969,828098,155,2018,1053.188761,141.3895701,5,15.83625899,
Kin,Lionsgate,Action,5718096,627672,170,2018,1059.010349,133.258819,5,15.55914644,
A Star is Born,Warner Bros.,Drama,201157885,22080997,12,2018,1071.841122,111.8025548,20,19.11960066,
Peppermint,STX Entertainment,Action,35418723,3887894,84,2018,1102.175176,98.80851266,13,17.38275114,
The Spy Who Dumped Me,Lionsgate,Comedy,33562069,3684091,86,2018,1127.674376,93.73004689,13,17.32890709,
I Can Only Imagine,Roadside Attractions,Drama,83482352,9163814,37,2018,1157.264083,88.78543027,17,18.24014581,
Instant Family,Paramount Pictures,Comedy,64845006,7118003,48,2018,1191.256608,88.07251089,17,17.98751046,
Simmba,Reliance Entertai...,Action,4115790,451788,184,2018,1207.354097,99.94141296,3,15.23034135,
The Girl in the Spider's Web,Sony Pictures,Thriller/Suspense,14828555,1627722,128,2018,1219.284809,95.76626506,7,16.51206527,
A.X.L.,Global Road,Drama,6501381,713653,161,2018,1225.338443,107.6622735,5,15.68752517,
Red Sparrow,20th Century Fox,Thriller/Suspense,46874505,5145390,64,2018,1241.133804,119.9303867,15,17.66298448,
Pacific Rim: Uprising,Universal,Action,59874525,6572396,51,2018,1262.091836,141.3957282,15,17.90776168,
The First Purge,Universal,Horror,69488745,7627744,42,2018,1283.203168,165.4438391,17,18.05667535,
Johnny English Strikes Again,Focus Features,Comedy,4412170,484322,179,2018,1266.700308,176.7423168,3,15.29987719,
Game Night,Warner Bros.,Comedy,69179066,7593750,43,2018,1304.215567,192.1735811,17,18.05220886,
Padmavati,Paramount Pictures,Drama,11846060,1300335,137,2018,1299.633275,213.6910763,5,16.28750588,
Eighth Grade,A24,Drama,13539710,1486246,131,2018,1299.477461,223.6898624,5,16.42113741,
The Leisure Seeker,Sony Pictures Cla...,Drama,3224126,353910,197,2018,1293.087852,228.5036865,3,14.98617246,
Superfly,Sony Pictures,Thriller/Suspense,20537137,2254350,116,2018,1320.487396,145.5940154,7,16.83774537,
Downsizing,Paramount Pictures,Comedy,7289080,800119,157,2018,1306.101077,246.4850217,5,15.8018879,
Mamma Mia: Here We Go Again!,Universal,Musical,120634935,13242034,27,2018,1291.334876,405.9310306,20,18.60827948,
Star Wars Ep. VIII: The Las...,Walt Disney,Adventure,102963014,11302196,31,2018,1305.126979,307.4065295,17,18.44988039,
The Fog,Avco Embassy,Horror,21445318,2354041,112,2018,1286.291549,322.2802164,7,16.8810169,
7 Days in Entebbe,Focus Features,Thriller/Suspense,3189220,350079,198,2018,1276.309112,322.872625,3,14.97528693,
White Boy Rick,Sony Pictures,Drama,24004833,2634998,108,2018,1265.949532,328.9289524,9,16.99376574,
Fantastic Beasts: The Crime...,Warner Bros.,Adventure,156781859,17209864,20,2018,1250.837857,353.6804634,20,18.87036596,
Aquaman,Warner Bros.,Action,199059824,21850694,13,2018,1237.451075,391.3738853,20,19.10911596,
Ant-Man and the Wasp,Walt Disney,Action,216648740,23781420,9,2018,1200.94588,412.1433527,22,19.19378789,
BlacKkKlansman,Focus Features,Black Comedy,48527565,5326846,62,2018,1165.632355,423.1866745,15,17.69764254,
Avengers: Infinity War,Walt Disney,Action,678815482,74513225,2,2018,1130.333372,442.0010782,25,20.3358599,
Blockers,Universal,Comedy,60311495,6620362,50,2018,1088.35119,440.7778277,17,17.91503327,
Mortal Engines,Universal,Action,14894175,1634925,127,2018,1076.120182,420.128313,7,16.51648075,
I  Tonya,Neon,Black Comedy,27663198,3036574,104,2018,1065.06553,408.5613488,9,17.1356135,
Death Wish,MGM,Action,34017028,3734031,85,2018,1041.881493,404.6253075,13,17.34237178,
Overlord,Paramount Pictures,Action,21704844,2382530,111,2018,1018s.1299575336184,395.6697406,7,16.89304602,
Dog Days,LD Entertainment,Romantic Comedy,6809080,747429,158,2018,1013.224516,347.6417841,5,15.73376757,
A Quiet Place,Paramount Pictures,Horror,188024361,20639337,15,2018,983.8715195,427.9909835,20,19.05208209,
Fifty Shades Freed,Universal,Drama,100407760,11021708,35,2018,1007.490393,106.8797051,17,18.42475005,
Spider-Man: Into The Spider...,Sony Pictures,Adventure,133978231,14706721,25,2018,950.6629833,450.028039,20,18.71318789,
Annihilation,Paramount Pictures,Thriller/Suspense,32732301,3593008,88,2018,1039.312574,126.1444965,13,17.30387295,
The Lion King,Walt Disney,Adventure,543638043,59349131,2,2019,1479.694692,253.9416714,25,20.11379422,
Ad Astra,20th Century Fox,Thriller/Suspense,50188370,5479079,55,2019,1456.058329,221.6721453,15,17.73129388,
Fantastic Beasts: The Crime...,Warner Bros.,Adventure,2774042,302843,183,2019,1438.187686,223.8262414,3,14.83581602,
Dr. Seuss' The Grinch,Universal,Adventure,4340540,473858,165,2019,1436.900203,223.9305218,5,15.28350932,
Free Solo,Greenwich,Documentary,6093902,665273,147,2019,1442.074621,207.3733373,5,15.62279916,
Dumbo,Walt Disney,Adventure,114766307,12529073,22,2019,1456.091085,186.6721606,20,18.55840851,
Miss Bala,Sony Pictures,Action,14998027,1637339,118,2019,1473.041987,207.6880344,7,16.52342922,
Charlie's Angels,Sony Pictures,Action,17790181,1942159,111,2019,1478.039644,220.7656267,7,16.69415723,
Long Shot,Lionsgate,Romantic Comedy,30316271,3309636,82,2019,1498.03938,220.6629633,13,17.22719512,
Tolkien,Fox Searchlight,Drama,4535154,495104,160,2019,1504.709819,237.3813739,5,15.3273696,
Instant Family,Paramount Pictures,Comedy,2518231,274916,189,2019,1506.302121,245.2213084,3,14.73906723,
After,Aviron Pictures,Drama,12138565,1325170,125,2019,1511.693304,253.6436089,7,16.31189813,
The Secret Life of Pets 2,Universal,Adventure,158874395,17344366,16,2019,1516.191475,280.2662771,20,18.88362448,
Dragon Ball Super: Broly,FUNimation,Action,30376755,3316239,81,2019,1485.178339,291.543927,13,17.22918824,
Mary Poppins Returns,Walt Disney,Musical,33141176,3618032,78,2019,1459.719288,286.2678719,13,17.31628706,
A Beautiful Day in the Neig...,Sony Pictures,Drama,58801961,6419428,47,2019,1433.138519,300.1769587,17,17.88968576,
Unplanned,Pure Flix Enterta...,Drama,19005109,2074793,107,2019,1409.308528,289.7783278,9,16.7602184,
The Favourite,Fox Searchlight,Black Comedy,18478318,2017283,108,2019,1394.853735,279.051774,9,16.7321086,
Uri: The Surgical Strike,PackYourBag Films,Action,4185663,456950,169,2019,1391.632926,265.4272964,5,15.24717567,
Brittany Runs a Marathon,Amazon Studios,Drama,7136342,779076,141,2019,1389.734437,255.6091632,5,15.78071088,
Serenity,Aviron Pictures,Thriller/Suspense,8547045,933083,138,2019,1390.689846,245.6549082,5,15.96109617,
Wonder Park,Paramount Pictures,Adventure,45216793,4936331,61,2019,1389.675936,225.6806251,15,17.6269791,
Tyler Perry's A Madea Famil...,Lionsgate,Comedy,73257045,7997493,38,2019,1416.162024,207.7226973,17,18.10948498,
Ford v. Ferrari,20th Century Fox,Drama,109976339,12006150,26,2019,1419.348983,170.8602056,20,18.5157758,
Tod@s Caen,Lionsgate,Romantic Comedy,2670925,291585,187,2019,1442.209766,168.3334316,3,14.79793541,
Stuber,20th Century Fox,Comedy,22370452,2442189,98,2019,1449.119684,158.5225681,9,16.92325154,
Uncut Gems,A24,Thriller/Suspense,36556384,3990871,73,2019,1471.084271,157.2748073,13,17.41436639,
Isn't it Romantic,Warner Bros.,Romantic Comedy,48791187,5326549,56,2019,1489.982974,177.9348903,15,17.70306026,
Five Feet Apart,Lionsgate,Drama,45729221,4992273,60,2019,1513.098533,197.0574146,15,17.63824806,
Booksmart,United Artists,Comedy,22680962,2476087,97,2019,1520.030404,220.034559,9,16.93703645,
Jojo Rabbit,Fox Searchlight,Black Comedy,21579550,2355846,102,2019,1518.696796,237.985088,9,16.88725666,
The Current War: Director's...,101 Studios,Drama,5978673,652693,148,2019,1523.43337,251.1594898,5,15.60370919,
Jay and Silent Bob Reboot,Fathom Events,Comedy,3258824,355766,178,2019,1524.975041,259.0095377,3,14.99687695,
Promare,GKIDS,Adventure,2290542,250059,194,2019,1530.17403,262.004619,3,14.64429903,
Blinded by the Light,Warner Bros.,Drama,11901145,1299252,126,2019,1539.245598,266.2125451,7,16.29214517,
Bombshell,Lionsgate,Drama,24589972,2684494,91,2019,1545.180302,281.0711888,9,17.01784928,
My People, My Country,CMC Pictures,Drama,2323409,253647,193,2019,1537.069637,289.9152325,3,14.65854606
MA,Universal,Horror,45896028,5010483,59,2019,1537.664209,307.9054099,15,17.64188914,
Luce,Neon,Thriller/Suspense,2010613,219499,200,2019,1520.379444,302.8817788,3,14.51395021,
Yesterday,Universal,Romantic Comedy,73286650,8000726,37,2019,1504.850405,315.4853078,17,18.10988902,
Don't Let Go,OTL Releasing,Thriller/Suspense,5215062,569330,156,2019,1483.685359,309.4819038,5,15.46706154,
Alita: Battle Angel,20th Century Fox,Action,85710210,9357009,33,2019,1462.884161,320.6450127,17,18.26648251,
The Art of Self-Defense,Bleecker Street,Comedy,2410914,263200,190,2019,1442.908348,317.6283322,3,14.69551649,
Dark Phoenix,20th Century Fox,Action,65845974,7188425,43,2019,1431.627684,334.1433741,17,18.00282885,
Linda Ronstadt: The Sound o...,Greenwich,Documentary,4244894,463416,167,2019,1418.432655,316.5396468,5,15.26122741,
Maleficent: Mistress of Evil,Walt Disney,Adventure,113294737,12368421,23,2019,1393.549738,314.1229481,20,18.54550327,
Total Dhamaal,FIP,Comedy,2167632,236641,198,2019,1397.425804,291.4519068,3,14.58914589,
Green Book,Universal,Comedy,52927165,5778075,54,2019,1372.042279,286.5108273,15,17.78442728,
Arctic Dogs,Entertainment Stu...,Adventure,5801249,633324,151,2019,1382.477191,269.4488053,5,15.5735838,
BrightBurn,Sony Pictures,Horror,17259427,1884216,113,2019,1378.039871,258.2993573,7,16.66386904,
Joker,Warner Bros.,Thriller/Suspense,333772511,36438047,9,2019,1355.55347,239.9864727,22,19.62597021,
Richard Jewell,Warner Bros.,Drama,17822217,1945657,110,2019,1369.687807,212.3962477,9,16.69595638,
The Peanut Butter Falcon,Roadside Attractions,Adventure,20457158,2233314,104,2019,1384.545679,202.2353599,9,16.8338434,
Saaho,Yash Raj Films,Action,2626284,286712,188,2019,1394.821998,208.4319134,3,14.78108048,
Star Wars: The Rise of Skyw...,Walt Disney,Adventure,390706234,42653519,6,2019,1377.366644,172.0780812,22,19.78346652,
Toy Story 4,Walt Disney,Adventure,434038008,47384062,4,2019,1399.36196,130.5424811,25,19.88864266,
The Mustang,Focus Features,Drama,5336840,582624,153,2019,1424.791102,146.4597274,5,15.49014428,
John Wick: Chapter 3 �?Para...,Lionsgate,Action,171015687,18669834,14,2019,1444.357602,129.91623,20,18.95726585,
Gemini Man,Paramount Pictures,Action,48546770,5299865,57,2019,1479.352336,130.5233755,15,17.69803822,
Holmes & Watson,Sony Pictures,Comedy,2254994,246178,196,2019,1484.049829,147.8996109,3,14.62865787,
The Lighthouse,A24,Horror,10809320,1180056,127,2019,1490.9679,155.120435,7,16.19591928,
Doctor Sleep,Warner Bros.,Horror,31543097,3443570,80,2019,1510.591883,158.9803951,13,17.26686533,
War,Yash Raj Films,Action,3640355,397418,174,2019,1507.69274,174.715546,3,15.10759176,
On the Basis of Sex,Focus Features,Drama,22946065,2505029,95,2019,1524.56451,175.973502,9,16.94865702,
Frozen II,Walt Disney,Adventure,450439533,49174621,3,2019,1553.021715,194.5796153,25,19.9257344,
Playing with Fire,Paramount Pictures,Comedy,44406890,4847913,63,2019,1542.191349,233.0855001,15,17.6089052,
Hustlers,STX Entertainment,Drama,104962986,11458841,29,2019,1565.352569,259.3258865,20,18.46911833,
Breakthrough,20th Century Fox,Drama,40713082,4444659,69,2019,1565.188381,294.3255014,15,17.52206002,
The Mule,Warner Bros.,Drama,39084073,4266820,70,2019,1562.831965,324.2328133,15,17.4812256,
Cold War,Amazon Studios,Drama,4307930,470298,166,2019,1543.048379,327.1670485,5,15.27596807,
Captain Marvel,Walt Disney,Action,426829839,46597144,5,2019,1525.936804,351.8083552,25,19.87189599,
Shazam!,Warner Bros.,Action,140371656,15324416,19,2019,1481.031604,348.8889314,20,18.75980415,
Everybody Knows,Focus Features,Drama,2677805,292337,186,2019,1461.587966,336.6029655,3,14.80050799,
Ne Zha,Well Go USA,Adventure,3695533,403442,172,2019,1455.726651,335.320399,3,15.12263535,
Penguins,Walt Disney,Documentary,7699452,840552,140,2019,1452.016324,342.407957,5,15.85665972,
Aladdin,Walt Disney,Adventure,355559216,38816508,8,2019,1445.152987,370.7229609,22,19.68920236,
Cold Pursuit,Lionsgate,Thriller/Suspense,32138862,3508609,79,2019,1412.760178,357.4675508,13,17.28557651,
Hotel Mumbai,Bleecker Street,Thriller/Suspense,9619500,1050163,133,2019,1410.323656,339.6332198,5,16.07930285,
Cats,Universal,Musical,19970095,2180141,106,2019,1396.183714,343.0030826,9,16.80974646,
Little Women,Sony Pictures,Drama,70502828,7696815,40,2019,1370.184416,342.8120005,17,18.07116338,
63 Up,BritBox,Documentary,183940,19547,168,2020,1369.464497,320.8237829,5,12.1223649,
Mafia  Inc.,Films Seville,Drama,264552,28113,155,2020,1368.765136,310.8482681,5,12.48579311,
The Photograph,Universal,Drama,20578185,2244076,24,2020,1343.997113,307.450471,20,16.83974209,
Dolittle,Universal,Adventure,77047065,8402079,7,2020,1323.913939,270.5632628,22,18.15992703,
Half Brothers,Focus Features,Comedy,2016150,214256,72,2020,1320.816876,235.7005578,13,14.51670031,
Brahms: The Boy II,STX Entertainment,Horror,12611536,1375303,34,2020,1332.898921,208.2410569,17,16.35012251,
Like a Boss,Paramount Pictures,Comedy,22169514,2417613,22,2020,1335.373416,171.3238945,20,16.91422866,
And Then We Danced,Music Box Films,Drama,177262,18837,170,2020,1355.407095,156.3689053,5,12.08538414,
1917,Universal,Thriller/Suspense,157901466,17219352,2,2020,1349.490603,126.9581059,25,18.87748176,
The SpongeBob Movie: Sponge...,Paramount Pictures,Adventure,4810790,524622,52,2020,1376.664723,97.60564097,15,15.38637187,
Followed,Global View Enter...,Horror,538179,57192,120,2020,1398.644423,98.55052677,7,13.1959465,
Joker,Warner Bros.,Thriller/Suspense,1678800,183075,75,2020,1418.629946,97.7896992,13,14.33358981,
Alita: Battle Angel,20th Century Fox,Action,128000,13958,188,2020,1421.588589,113.5137709,3,11.75978554,
The Call of the Wild,20th Century Studios,Adventure,62342368,6798513,9,2020,1452.428763,88.69904461,22,17.94815182,
Honeyland,Neon,Documentary,102719,11201,195,2020,1459.563015,112.6594796,3,11.53975238,
Synchronic,Well Go USA,Thriller/Suspense,636673,69429,112,2020,1472.520907,109.6109013,7,13.36401146,
Star Wars Ep. V: The Empire...,20th Century Fox,Adventure,1580209,172323,77,2020,1492.114825,105.601119,13,14.27306767,
Jay and Silent Bob Reboot,Fathom Events,Comedy,1330666,145110,80,2020,1507.109247,126.8418182,13,14.10119013,
The Silencing,Saban Films,Thriller/Suspense,100746,10986,200,2020,1495.699284,141.0584459,3,11.52035778,
The Tax Collector,RLJ Entertainment,Action,1044212,113872,89,2020,1529.097346,140.7171032,13,13.85877309,
Honest Thief,Open Road,Thriller/Suspense,14163574,1544555,30,2020,1560.693921,150.238469,20,16.46618402,
The Times of Bill Cunningham,Greenwich,Documentary,134288,14270,186,2020,1569.091973,171.6504454,3,11.80774203,
Panga,FIP,Drama,582720,61925,116,2020,1578.455772,175.1603265,7,13.27546208,
Tokyo Godfathers,IDP Distribution,Adventure,237581,25908,156,2020,1581.951946,186.6397326,5,12.3782639,
Just Mercy,Warner Bros.,Drama,35733621,3896796,14,2020,1596.226283,207.1639457,20,17.39160257,
Relic,IFC Midnight,Thriller/Suspense,1047083,114185,88,2020,1592.025792,239.8955188,13,13.86151876,
A Christmas Story,MGM,Comedy,3896391,424906,58,2020,1568.129558,406.8713135,15,15.1755613,
Ordinary Love,Bleecker Street,Drama,323688,35298,143,2020,1582.562224,277.4594955,5,12.68753537,
Fantasy Island,Sony Pictures,Horror,26441782,2883509,19,2020,1513.365369,415.8709284,20,17.09045597,
The Traitor,Sony Pictures Cla...,Drama,296027,32282,148,2020,1582.434434,320.2650426,5,12.59820595,
Shortcut,Gravitas Ventures,Horror,758223,80576,103,2020,1584.72004,334.0772114,9,13.53873282,
The Doors: Break on Thru �?...,Trafalgar Releasing,Documentary,186920,19863,164,2020,1572.869597,341.5315397,5,12.138436,
A Hidden Life,Fox Searchlight,Drama,456268,49756,131,2020,1563.240183,344.2286468,5,13.03083564,
Burden,101 Studios,Drama,139270,15187,181,2020,1555.976496,340.8762069,3,11.84416977,
Once Were Brothers: Robbie ...,Magnolia Pictures,Documentary,449561,47774,132,2020,1555.927198,351.0492217,5,13.01602683,
2 Hearts,Freestyle Releasing,Drama,1349284,147141,79,2020,1560.03862,368.5733824,13,14.11508464,
Emma.,Focus Features,Drama,10055355,1096549,38,2020,1540.389782,391.2432561,17,16.12361589,
The Last Shift,Sony Pictures,Comedy,643658,68401,111,2020,1517.927799,382.7898955,7,13.37492281,
Downhill,Searchlight Pictures,Drama,8287061,903714,44,2020,1493.940289,383.564079,17,15.93020594,
First Cow,A24,Drama,101068,10740,199,2020,1477.861795,371.6694563,3,11.52354884,
Coco,Walt Disney,Musical,734000,80043,105,2020,1468.91828,390.6280067,9,13.50626431,
The Invisible Man,Universal,Horror,64914050,7078958,8,2020,1449.186871,414.5376592,22,17.98857465,
The Dark and The Wicked,RLJ Entertainment,Horror,152261,16604,176,2020,1435.345594,393.7189399,3,11.93335143,
My Boyfriend's Meds,Lionsgate,Romantic Comedy,2971116,324003,66,2020,1417.406656,395.20032,15,14.9044482,
Monsters  Inc.,Walt Disney,Adventure,726000,79171,106,2020,1402.101964,376.7133943,9,13.49530529,
How the Grinch Stole Christmas,Universal,Adventure,304000,33151,144,2020,1396.026753,364.1002344,5,12.62478298,
Love and Monsters,Paramount Pictures,Adventure,1070714,116762,87,2020,1377.536793,374.3169659,13,13.88383627,
Black Christmas,Universal,Horror,562060,61293,117,2020,1360.620126,364.8239145,7,13.23936388,
The Rental,IFC Films,Thriller/Suspense,1637548,178576,76,2020,1340.965414,355.4265134,13,14.30871056,
Murder in the Woods,Rezinate Entertai...,Horror,109299,11615,192,2020,1350.25099,341.1815008,3,11.60184252,
The Way Back,Warner Bros.,Drama,13590514,1444262,31,2020,1320.253023,335.8268376,17,16.42488261,
Frozen II,Walt Disney,Adventure,26934045,2937191,18,2020,1310.83141,370.9730256,20,17.10890166,
A Beautiful Day in the Neig...,Sony Pictures,Drama,2894475,315646,68,2020,1284.960827,347.4253971,15,14.87831431,
Vanguard,Gravitas Ventures,Action,793525,84327,100,2020,1355.235745,270.8019539,9,13.58424032,
2020 Oscar Shorts,ShortsHD,Multiple Genres,3304748,351195,62,2020,1276.777031,375.4309794,15,15.01087078,
The Secrets We Keep,Bleecker Street,Thriller/Suspense,231119,24560,158,2020,1311.934019,215.0450522,5,12.35068801,
Chhapaak,FIP,Drama,604334,64222,114,2020,1358.899705,197.4350162,7,13.3118823,
Die Hard,20th Century Fox,Action,1036063,112983,90,2020,1345.200224,385.5073529,13,13.85093851,
Weathering With You,GKIDS,Drama,7798703,828767,45,2020,1328.184414,413.291865,17,15.869468,
Sonic The Hedgehog,Paramount Pictures,Adventure,146066470,15928731,3,2020,1297.433857,117.2918941,25,18.79957235,
The Wretched,IFC Midnight,Horror,1815440,192926,74,2020,1330.494817,94.046708,13,14.41183842,
Midway,Lionsgate,Action,299520,32663,147,2020,1351.253605,96.98361947,5,12.60993647,
Underwater,20th Century Fox,Thriller/Suspense,17291078,1885613,27,2020,1354.027421,70.91196073,20,16.6657012,
The Wolf of Snow Hollow,Orion Classics,Horror,185026,19662,166,2020,1378.100257,77.6572264,5,12.12825163,
The Big Ugly,Vertical Entertai...,Action,514107,56064,125,2020,1389.867764,80.0079219,7,13.15018669,
Saint Frances,Oscilloscope Pict...,Multiple Genres,127275,13879,189,2020,1392.774562,89.57612592,3,11.75410538,
Tulsa,Self Distributed,Drama,413522,43944,135,2020,1400.222056,86.6546841,5,12.932466,
Jumanji: The Next Level,Sony Pictures,Adventure,124736710,13602694,4,2020,1378.825847,410.98058875,25,18.64171575,
Spies in Disguise,20th Century Fox,Adventure,19714592,2149900,25,2020,1457.931368,47.06106515,20,16.79686963,
Infidel,Cloudburst Entert...,Thriller/Suspense,4051990,430604,57,2020,1484.360121,70.00711126,15,15.21471868,
Impractical Jokers: The Movie,truTV,Comedy,10466091,1112230,36,2020,1513.072381,84.13531287,17,16.16365116,
Elf,New Line,Comedy,905000,98691,93,2020,1520.179341,109.1451335,9,13.71569022,
Buddy Games,Paramount Pictures,Comedy,405904,44264,136,2020,1524.563012,122.4411263,5,12.91387196,
Queen & Slim,Universal,Drama,3089365,336899,64,2020,1543.771503,116.870319,15,14.94347613,
Met Opera �?Agrippina,Fathom Events,Concert/Perfor...,1150000,122210,83,2020,1571.680886,119.1211651,13,13.9552725,
Portrait of a Lady on Fire,Neon,Drama,3759854,410016,59,2020,1593.138216,137.1095786,15,15.13989068,
National Lampoon's Christma...,Warner Bros.,Comedy,4593728,500951,54,2020,1598.716285,166.5864363,15,15.34020245,
IP Man: The Finale,Well Go USA,Action,1089355,115765,86,2020,1620.22513,184.5132209,13,13.90109634,
The New Mutants,20th Century Studios,Horror,23855569,2601479,20,2020,1635.694841,215.6626296,20,16.98752825,
Archenemy,RLJ Entertainment,Action,101360,10771,197,2020,1614.11529,221.620204,3,11.52643381,
The Rescue,Greenwich,Documentary,787460,75717,132,2021,1743.805827,245.4798876,5,13.57656785,
The Little Things,Warner Bros.,Thriller/Suspense,15342746,1673146,55,2021,1749.520112,226.3135907,15,16.54615335,
Julia,Sony Pictures Cla...,Documentary,389890,37489,156,2021,1753.798956,245.8505172,5,12.87361993,
The Marksman,Open Road,Action,15566093,1697501,53,2021,1749.198845,265.3143036,15,16.56060558,
The Unholy,Sony Pictures,Horror,15532137,1493475,54,2021,1727.755908,286.2952576,15,16.55842179,
Monster Hunter,Sony Pictures,Action,10144067,1106223,66,2021,1697.890712,289.1360473,15,16.13239956,
Ghost in the Shell,Palm Pictures,Action,373169,40694,158,2021,1686.662873,272.5850461,5,12.82978668,
Wolf,Focus Features,Drama,147595,14192,196,2021,1682.683589,265.644924,3,11.90222732,
Encanto,Walt Disney,Adventure,91386126,9711596,15,2021,1660.666498,258.9930297,20,18.33060423,
The Alpinist,Roadside Attractions,Documentary,844743,81225,128,2021,1673.284904,235.1230522,7,13.64678772,
Flag Day,United Artists,Drama,424667,46310,153,2021,1680.198625,225.3148686,5,12.95906061,
Earwig and the Witch,GKIDS,Adventure,173704,16702,191,2021,1686.839079,220.8534382,3,12.06510798,
God's Not Dead: We the Peop...,Pinnacle Peak,Drama,1170387,112537,119,2021,1692.203311,212.4139465,7,13.97284502,
Peter Rabbit 2: The Runaway,Sony Pictures,Adventure,40501717,4416763,32,2021,1711.812374,198.5761493,17,17.51685493,
Bergman Island,IFC Films,Drama,145191,15833,198,2021,1722.523506,215.4661362,3,11.8858054,
Lamb,A24,Drama,2676410,257347,99,2021,1736.727891,206.0069642,9,14.7999869,
PAW Patrol: The Movie,Paramount Pictures,Adventure,40127371,3858401,33,2021,1760.888293,196.4009768,17,17.50756923,
Drive My Car,Janus Films,Drama,328721,31607,167,2021,1767.427308,217.4067207,5,12.70296465,
A Journal for Jordan,Sony Pictures,Drama,3905919,425945,87,2021,1776.758649,232.7991243,13,15.17800365,
Dear Evan Hansen,Universal,Musical,15002646,1636057,56,2021,1778.845162,260.7212743,15,16.52373714,
Reminiscence,Warner Bros.,Thriller/Suspense,3900193,425321,88,2021,1767.641797,286.3822297,13,15.1765366,
Promising Young Woman,Focus Features,Black Comedy,5252785,572823,82,2021,1749.013071,304.5197747,13,15.47426897,
In the Earth,Neon,Horror,1113722,107088,120,2021,1729.361474,308.2365921,7,13.92321812,
After We Fell,Vertical Entertai...,Drama,2170750,208725,107,2021,1713.379913,307.468659,9,14.59058329,
Dream Horse,Bleecker Street,Drama,2913328,280127,95,2021,1696.277486,313.0817671,9,14.88480663,
Nobody,Universal,Thriller/Suspense,27568035,3006329,40,2021,1671.09216,306.6242612,17,17.13216751,
Doctor,Hamsini,Action,220000,21153,184,2021,1679.896835,288.6665969,3,12.30138283,
Respect,United Artists,Drama,24278399,2647589,44,2021,1641.186012,290.4495185,17,17.00509758,
A Mouthful of Air,Sony Pictures,Drama,269435,25907,175,2021,1640.725897,270.4548118,3,12.50408245,
House of Gucci,United Artists,Drama,49023527,4713800,26,2021,1620.66704,259.2012683,20,17.70781088,
The Night House,Searchlight Pictures,Horror,7100581,774327,75,2021,1646.530118,427.8486952,13,15.77568717,
Pig,Neon,Drama,3186667,306410,91,2021,1661.022616,220.8451001,9,14.9744861,
The Truffle Hunters,Sony Pictures Cla...,Documentary,521202,50115,143,2021,1673.284992,218.0897955,5,13.16389296,
The War with Grandpa,101 Studios,Comedy,2416285,263498,102,2021,1678.061588,204.9298514,9,14.69774179,
City of Lies,Saban Films,Drama,572493,62431,141,2021,1689.845426,197.3706735,5,13.25775579,
Joe Bell,Roadside Attractions,Drama,1405488,153270,115,2021,1691.679804,185.5117083,7,14.15589513,
Final Account,Focus Features,Documentary,308976,29709,169,2021,1701.762944,179.0055349,5,12.64101888,
Space Jam: A New Legacy,Warner Bros.,Comedy,70592228,7698171,18,2021,1720.672892,162.6527416,20,18.07243061,
The Conjuring: The Devil Ma...,Warner Bros.,Horror,65631050,7157148,19,2021,1760.540632,159.4026102,20,17.99955947,
Courageous,Sony Pictures,Drama,495002,53980,145,2021,1775.175392,179.6713985,5,13.11231708,
Four Good Days,Vertical Entertai...,Drama,837849,80562,129,2021,1783.488766,188.3251732,7,13.63859317,
Nomadland,Searchlight Pictures,Drama,2180000,237732,106,2021,1785.699916,204.1716496,9,14.59483543,
Godzilla vs. Kong,Warner Bros.,Action,100916094,11005027,13,2021,1808.12846,222.5553493,20,18.42979998,
Half Brothers,Focus Features,Comedy,225830,21714,182,2021,1791.664066,238.6153536,3,12.32753778,
Halloween Kills,Universal,Horror,92002155,10032950,14,2021,1813.816032,262.1489286,20,18.33732256,
The Courier,Roadside Attractions,Thriller/Suspense,6613432,721203,78,2021,1793.577189,288.2140242,13,15.70461329,
The Lost Leonardo,Sony Pictures Cla...,Documentary,445740,42859,151,2021,1779.732352,299.7170892,5,13.0074911,
Escape From Mogadishu,Well Go USA,Action,342598,32942,162,2021,1770.74982,304.1118714,5,12.74431303,
The Girl Who Believes In Mi...,Atlas Distribution,Drama,3163362,304169,92,2021,1766.754135,317.529565,9,14.96714594,
Blithe Spirit,IFC Films,Comedy,282499,27163,172,2021,1754.900372,319.397264,3,12.55143029,
The Card Counter,Focus Features,Thriller/Suspense,2652315,255030,100,2021,1744.978379,326.1466391,9,14.7909434,
Groundhog Day,Sony Pictures,Romantic Comedy,200989,21918,189,2021,1738.157431,316.2737135,3,12.21100546,
Finding You,Roadside Attractions,Drama,2753985,264806,98,2021,1727.097913,324.075667,9,14.82855951,
Benedetta,IFC Films,Drama,336050,32312,163,2021,1713.342796,321.4686098,5,12.72501524,
The Reckoning,RLJ Entertainment,Horror,143532,13801,200,2021,1705.361436,320.9228029,3,11.87431329,
Werewolves Within,IFC Films,Horror,575783,55363,140,2021,1699.765801,326.6402205,5,13.26348613,
Shiva Baby,Utopia,Comedy,159294,15316,194,2021,1692.105652,324.3332474,3,11.97850683,
Stillwater,Focus Features,Drama,14465535,1577485,58,2021,1679.756474,337.4289634,15,16.48727948,
The Green Knight,A24,Adventure,17173321,1872772,49,2021,1648.253412,331.8113923,17,16.65886763,
Once I Was Engaged,Purdie Distribution,Comedy,254775,24497,178,2021,1651.867995,312.1407342,3,12.44813608,
No Time to Die,United Artists,Action,160772007,17532388,7,2021,1612.313665,316.6675954,22,18.89549781,
Mortal Kombat,Warner Bros.,Action,42326031,4615707,31,2021,1592.433472,283.114981,17,17.56091284,
Tenet,Warner Bros.,Action,459940,50157,149,2021,1595.76112,261.3681017,5,13.03885133,
A Rescue of Little Eggs,Lionsgate,Comedy,927154,89149,126,2021,1600.520343,400.3705175,7,13.73987496,
Limbo,Focus Features,Drama,224405,21577,183,2021,1563.721993,233.6492463,3,12.32120773,
Rita Moreno: Just a Girl Wh...,Roadside Attractions,Documentary,264626,25444,176,2021,1608.320962,239.795744,3,12.48607279,
Clifford the Big Red Dog,Paramount Pictures,Adventure,48947356,5337771,27,2021,1619,95,20,17.70625591,
Belfast,Focus Features,Drama,6885925,662108,77,2021,1647.999704,73.9662466,13,15.74499003,
F9: The Fast Saga,Universal,Action,173005945,18866515,5,2021,1661.83625,172.9634506,25,18.96883652,
Willy's Wonderland,Screen Media Films,Horror,418286,40219,154,2021,1691.832863,173.5126844,5,12.94392069,
Supernova,Bleecker Street,Drama,234220,22521,180,2021,1698.674589,169.3665076,3,12.36401612,
Shang-Chi and the Legend of...,Walt Disney,Action,224543292,24486728,2,2021,1688.212628,131.4865547,25,19.22957908,
Judas and the Black Messiah,Warner Bros.,Drama,5478009,526732,80,2021,1726.187934,130.1168489,13,15.51625227,
Crisis,Quiver,Thriller/Suspense,409363,44641,155,2021,1740.473518,144.1395305,5,12.92235757,
Free Guy,20th Century Studios,Action,121626598,13263533,10,2021,1758.810826,117.4382471,22,18.61646624,
I'm Your Man,Bleecker Street,Comedy,275158,26457,174,2021,1771.31872,139.0843225,3,12.52510076,
Cruella,Walt Disney,Comedy,86103234,9389666,17,2021,1794.899981,138.9224945,20,18.27105753,
Sing 2,Universal,Adventure,90247305,9590574,16,2021,1807.884694,176.756305,20,18.31806429,
Dune,Warner Bros.,Action,107215864,11393821,12,2021,1840.802408,199.4812709,20,18.49035478,
The Last Duel,20th Century Studios,Drama,10853945,1043648,63,2021,1841.034245,234.480503,15,16.20003917,
DC League of Super Pets,Warner Bros.,Adventure,93657117,10213426,21,2022,1853.497584,267.1862396,20,18.35515098,
The Godfather,Paramount Pictures,Drama,1414662,150336,151,2022,1831.767816,279.5481657,5,14.16240119,
The Phantom of the Open,Sony Pictures Cla...,Comedy,748805,71656,173,2022,1824.367055,282.5860495,3,13.52623388,
The Bob's Burgers Movie,20th Century Studios,Comedy,31933830,3482424,45,2022,1820.150896,302.1365994,17,17.27917651,
Mr. Malcolm's List,Bleecker Street,Romantic Comedy,1885720,180451,138,2022,1798.417473,305.5510267,5,14.44982027,
Umma,Sony Pictures,Horror,2121025,202969,132,2022,1788.417898,305.4587834,5,14.56741002,
ET: The Extra-Terrestrial,Universal,Drama,4301665,469101,109,2022,1784.697572,318.955419,9,15.27451272,
Runway 34,Yash Raj Films,Thriller/Suspense,549624,52595,181,2022,1775.097111,326.1548041,3,13.21698969,
A Journal for Jordan,Sony Pictures,Drama,2639255,287814,121,2022,1768.266026,333.4579731,7,14.78600724,
Nightmare Alley,Searchlight Pictures,Thriller/Suspense,3757964,399358,115,2022,1755.191305,338.463138,7,15.13938788,
Encanto,Walt Disney,Adventure,4707496,500265,105,2022,1739.985093,343.4401954,9,15.36466669,
EO,Janus Films,Drama,440046,42109,188,2022,1731.08121,335.3952671,3,12.99463455,
The Whale,A24,Drama,5855410,560326,95,2022,1720.348304,340.7622719,9,15.58287658,
Hansan: Rising Dragon,Well Go USA,Action,865888,82860,167,2022,1710.314408,330.999028,5,13.67151085,
Spoiler Alert,Focus Features,Drama,1384003,150927,153,2022,1701.904117,336.4089259,5,14.14049058,
Glass Onion: A Knives Out M...,Netflix,Drama,15000000,1435406,59,2022,1702.581502,356.8973499,15,16.52356076,
Halloween Ends,Universal,Horror,64079860,6987989,30,2022,1670.647507,371.2228493,20,17.97564068,
The King's Daughter,Gravitas Ventures,Adventure,1747263,190541,142,2022,1653.294948,353.2259415,5,14.37356112,
Fire of Love,Neon,Documentary,1064080,101825,157,2022,1643.294966,353.2453331,5,13.87762113,
Bones and All,United Artists,Thriller/Suspense,7834907,749752,87,2022,1625.405567,351.2529971,13,15.87409956,
American Underdog: The Kurt...,Lionsgate,Drama,14301214,1368537,63,2022,1597.414766,350.5353208,15,16.47585499,
Gigi & Nate,Roadside Attractions,Drama,2280814,218259,128,2022,1892.147479,315.078116,7,14.64004295,
Black Adam,Warner Bros.,Action,168054237,18326525,11,2022,1810,86,20,18.93979732,
Radhe Shyam,Great India Films,Drama,1800000,172248,141,2022,1571.698856,236.5218082,5,14.40329722,
Marcel the Shell with Shoes On,A24,Comedy,6333703,606095,94,2022,1571.620733,223,9,15.66139562,
The Northman,Focus Features,Action,34233110,3275895,42,2022,1859,134.8542828,17,17.34870386,
Twenty One Pilots: Cinema E...,Trafalgar Releasing,Concert/Perfor...,875000,83732,166,2022,1611.778441,232.9688436,5,13.68197917,
Paws of Fury: The Legend of...,Paramount Pictures,Adventure,17811382,1704438,58,2022,1583,90,15,16.69534825,
The Chosen Season 3: Episod...,Fathom Events,Drama,14612089,1398286,61,2022,1711.938787,88.8272734,15,16.49735976,
The Worst Person in the World,Neon,Comedy,3034775,290409,118,2022,1613.804521,124.0546746,7,14.92564784,
Man of God,Fathom Events,Drama,920561,88091,165,2022,1622,135.5491478,5,13.73273855,
2000 Mules,D'Souza Media,Documentary,1465512,140240,149,2022,1643,151,5,14.19771523,
Parallel Mothers,Sony Pictures Cla...,Drama,2197526,210290,130,2022,1864,227,7,14.60284274,
Beast,Universal,Thriller/Suspense,31846530,3047514,46,2022,1623.277702,156.3129738,16,17.27643899,
Sing 2,Universal,Adventure,86307835,9171927,24,2022,1643.508613,126.3337834,20,18.27343094,
The Roundup,Capelight Pictures,Action,613026,58662,177,2022,1664.411487,116.7384801,3,13.32616263,
Three Thousand Years of Lon...,United Artists,Drama,8286741,903679,85,2022,1667.801226,96.0989498,13,15.93016733,
Mack & Rita,Gravitas Ventures,Comedy,2535459,242627,124,2022,1690.764068,97.58037099,7,14.74588524,
Acharya,Self Distributed,Action,1412000,135119,152,2022,1696.297175,158.9951048,5,14.1605177,
Facing Nolan,Utopia,Documentary,405797,38832,193,2022,1703.456716,108.00001,3,12.91360831,
Jugjugg Jeeyo,Moviegoers Entert...,Comedy,1540000,147368,144,2022,1710.627344,111.5471341,5,14.24729297,
King Richard,Warner Bros.,Drama,408056,43364,192,2022,1713.315029,119.0821423,3,12.9191597,
The Kashmir Files,Zee Studios,Thriller/Suspense,1485000,142105,148,2022,1720.516223,113.033767,5,14.21092533,
Watcher,IFC Midnight,Thriller/Suspense,1961207,187675,137,2022,1730.508589,112.6430988,5,14.48907066,
Drishyam 2,Yash Raj Films,Drama,3004180,287481,119,2022,1734.659984,101.3840618,7,14.91551521,
The King's Man,20th Century Studios,Action,20917649,2281095,53,2022,1746.200009,82.65366294,15,16.85610381,
Brahmastra Part 1: Shiva,Fox Star India,Adventure,7839108,750153,86,2022,1774.009931,85.91068475,13,15.87463561,
Alice,Roadside Attractions,Thriller/Suspense,373037,35697,198,2022,1777.993915,101.4067446,3,12.82943289,
2022 Oscar Shorts,ShortsHD,Multiple Genres,1801646,172406,140,2022,1783.71214,107.0015552,5,14.40421125,
Honk for Jesus. Save Your S...,Focus Features,Comedy,2561270,245097,123,2022,1794.656249,111.9235946,7,14.75601379,
Armageddon Time,Focus Features,Drama,1860050,177995,139,2022,1805.783648,116.4159222,5,14.43611393,
Marry Me,Universal,Romantic Comedy,22438180,2384503,51,2022,1825.166512,121.3458885,15,16.92627453,
The 355,Universal,Thriller/Suspense,14570455,1394301,62,2022,1831.272737,150.7178823,15,16.49450641,
See How They Run,Searchlight Pictures,Comedy,9586237,917343,77,2022,1852.726281,168.7108099,13,16.07583898,
Elf,New Line,Comedy,2568160,280061,122,2022,1874.13128,179.3565845,7,14.75870025,
Downton Abbey: A New Era,Focus Features,Drama,44141550,4224072,38,2022,1877.36316,205.1655888,17,17.60291207,
Official Competition,IFC Films,Comedy,593926,56835,178,2022,1859.127939,213.3800098,3,13.29451001,
Avatar: The Way of Water,20th Century Studios,Action,425527069,40720293,3,2022,1892.311168,244.4155195,25,19.86883912,
House of Gucci,United Artists,Drama,4786047,457994,103,2022,1880.971796,276.4688916,9,15.38121537,
Carnal Knowledge,Avco Embassy,Drama,28630731,3122217,47,2022,1870.272127,300.1652432,17,17.16999121,
Family Camp,Roadside Attractions,Comedy,3973263,380216,113,2022,1847.231044,293.4489599,7,15.19509823,
Memory,Open Road,Action,7329043,701343,89,2022,1845.858487,317.6000976,13,15.80735551,
Babylon,Paramount Pictures,Drama,9082897,869177,81,2022,1824.125795,331.8721029,13,16.02190375,
Devotion,Sony Pictures,Action,19837942,1898368,55,2022,1797.173031,339.4581734,15,16.80310692,
Tyson's Run,Collide Distribution,Drama,391167,37432,196,2022,1781.541621,330.5329824,3,12.87688986,
Jeepers Creepers: Reborn,Fathom Events,Horror,2033057,194550,135,2022,1777.266954,341.3941749,5,14.52505113,
Fantastic Beasts: The Secre...,Warner Bros.,Adventure,95850844,10452655,20,2022,1765.463997,363.4325554,20,18.37830383,
The Black Phone,Universal,Horror,90123230,8624233,23,2022,1728.993917,379.8622004,20,18.31668851,
Licorice Pizza,United Artists,Drama,10935116,1046422,72,2022,1697.651801,390.1904032,13,16.20748982,
The Menu,Searchlight Pictures,Black Comedy,36158946,3943178,41,2022,1673.588562,408.1057748,17,17.40343494,
Don't Worry Darling,Warner Bros.,Thriller/Suspense,45309403,4335828,37,2022,1642.243628,394.934021,17,17.62902514,
Whitney Houston I Wanna Dan...,Sony Pictures,Drama,13256913,1268604,65,2022,1615.457811,377.426307,15,16.40002971,
Dog,United Artists,Comedy,61778069,5911776,31,2022,1583.516257,379.3594677,17,17.93905899,
Yashoda,Cinegalaxy,Thriller/Suspense,395000,37799,195,2022,1581.769334,359.4359073,3,12.88664104,
The Cursed,LD Entertainment,Horror,4588389,500369,107,2022,1573.416458,350.8202551,9,15.33903954,
The Matrix Resurrections,Warner Bros.,Action,9552171,914083,78,2022,1850,349.9072364,13,16.07227902,
Inu-Oh,GKIDS,Musical,351558,33641,200,2022,1891.268668,326.2964756,3,12.77012998,
RRR: Rise  Roar  Revolt,Sarigama Cinemas,Action,13930910,1333101,64,2022,1875.123937,332.1373505,15,16.44962067,
K.G.F: Chapter 2,Viva Entertainment,Action,6604562,632015,93,2022,1895.320647,295.6111656,9,15.70327118,
Dragon Ball Super: Super Hero,Crunchyroll,Action,32132374,3074868,44,2022,1916.96843,278.1558574,17,17.28537462,
