title,artist,listType,Gross,Tickets_Sold,rank_each_year,releaseYear,x,y,rank,listHighestRank
I'm in Love with a Church Girl,High Top Releasing,Drama,2387730.0,293693.0,189.0,2013.0,601.9604329880017,243.79401796180701,3,14.685853681775631
Jackass Presents: Bad Grandpa,Paramount Pictures,Comedy,101625444.0,12500054.0,31.0,2013.0,612.8695238970926,227.03120985763812,17,18.436804494826394
Tyler Perry's Temptation,Lionsgate,Drama,51975354.0,6393032.0,67.0,2013.0,611.5840724851871,259.005380912845,15,17.766280202651966
Homefront,Open Road,Action,20158492.0,2479519.0,112.0,2013.0,593.4791315073305,271.50382530358144,7,16.819136196782363
The Wizard of Oz,Warner Bros.,Musical,5509334.0,677654.0,164.0,2013.0,582.3989184537669,276.111306034701,5,15.521954302680216
Saving Mr. Banks,Walt Disney,Drama,58958280.0,7251940.0,60.0,2013.0,566.8957357593366,288.74662662197204,15,17.892340633099618
Dead Man Down,FilmDistrict,Thriller/Suspense,10895295.0,1340134.0,138.0,2013.0,552.6160773485597,274.74336429951563,5,16.203841602634952
Rush,Universal,Drama,26947624.0,3314590.0,97.0,2013.0,539.6338418573534,269.5029862930292,9,17.109405688167364
La Vie d'Adèle,Mongrel Media,Drama,2426783.0,298497.0,187.0,2013.0,538.9515743144312,257.5223973676101,3,14.702077069916134
This is the End,Sony Pictures,Comedy,101470202.0,12480959.0,32.0,2013.0,522.0577695596209,246.81728826464683,17,18.435275736989464
Delivery Man,Walt Disney,Comedy,29866438.0,3673608.0,94.0,2013.0,535.1506052495557,224.3544822601342,9,17.21224593299774
American Hustle,Sony Pictures,Black Comedy,87903772.0,10812272.0,41.0,2013.0,547.9766967364259,201.73830713765966,17,18.29175327413515
Man of Steel,Warner Bros.,Action,291045518.0,35798956.0,5.0,2013.0,588.9498805612399,192.50801964170358,25,19.48899023214754
Escape Plan,Lionsgate,Thriller/Suspense,25063555.0,3082848.0,102.0,2013.0,621.4520113800845,202.48857534941374,9,17.036925356908196
The Place Beyond the Pines,Focus Features,Drama,21403519.0,2632659.0,111.0,2013.0,632.8428653094753,213.72460875801855,7,16.879065905725763
Lee Daniels' The Butler,Weinstein Co.,Drama,116293662.0,14304263.0,25.0,2013.0,648.904157258002,235.4279472326448,20,18.571629119013338
The Wolverine,20th Century Fox,Action,132556852.0,16304655.0,21.0,2013.0,642.7410858476196,274.95030230911425,20,18.702522183063724
You're Next,Lionsgate,Horror,18494006.0,2274785.0,118.0,2013.0,616.3156124280194,280.4905509091327,7,16.732957237549215
Hyde Park on Hudson,Focus Features,Drama,3166260.0,389453.0,179.0,2013.0,607.1661504691081,276.454792509224,3,14.968061638603338
The World's End,Focus Features,Comedy,26004851.0,3198628.0,99.0,2013.0,600.029112724536,286.10169316345247,9,17.073793655505522
The Internship,20th Century Fox,Comedy,44672764.0,5494804.0,75.0,2013.0,589.422627687996,305.3760926396917,13,17.614874567393468
Oz the Great and Powerful,Walt Disney,Adventure,234770996.0,28877121.0,9.0,2013.0,560.5805418100888,325.20370172932786,22,19.27412111188275
Rise of the Guardians,Paramount Pictures,Adventure,6185091.0,760773.0,156.0,2013.0,550.4761061043033,300.1657229956591,5,15.63765227671585
Grudge Match,Warner Bros.,Comedy,24846211.0,3056114.0,104.0,2013.0,542.8983288215943,288.3938373585295,9,17.028215824032344
Movie 43,Relativity,Comedy,8840453.0,1087386.0,143.0,2013.0,531.2112060998616,280.68597367997637,5,15.994848677644772
About Time,Universal,Romantic Comedy,15323921.0,1884861.0,130.0,2013.0,523.7350157813611,271.29946323564405,7,16.544925629477458
The Smurfs 2,Sony Pictures,Adventure,71017784.0,8735274.0,48.0,2013.0,499.7644867006055,272.48846937046926,17,18.078440882514233
Oblivion,Universal,Thriller/Suspense,89107235.0,10960299.0,40.0,2013.0,488.6792331473199,240.3463295278986,17,18.30535109004229
The Gatekeepers,Sony Pictures Cla...,Documentary,2408553.0,296254.0,188.0,2013.0,507.37367137404027,233.23872941342006,3,14.694536710207847
World War Z,Paramount Pictures,Action,202359711.0,24890493.0,13.0,2013.0,509.92260685307934,210.05245104399617,20,19.125557419239133
Epic,20th Century Fox,Adventure,107518682.0,13224930.0,28.0,2013.0,524.7788804341586,172.9136420258797,20,18.493175176479458
Beautiful Creatures,Warner Bros.,Drama,19452138.0,2392636.0,115.0,2013.0,551.3012560750338,177.9696869588593,7,16.78346754486683
Frances Ha,IFC Films,Comedy,4066826.0,500224.0,171.0,2013.0,558.6074044072211,184.7975853579333,3,15.218373400595715
Parker,FilmDistrict,Thriller/Suspense,17616641.0,2166868.0,121.0,2013.0,564.1145087324027,172.32871573588454,7,16.684354524657707
The Spectacular Now,A24,Drama,6852971.0,842923.0,153.0,2013.0,574.4559989757735,166.24155058728977,5,15.740192838835673
The Croods,20th Century Fox,Adventure,187168425.0,23021946.0,14.0,2013.0,591.066807853369,147.55784034462135,20,19.047519437909607
Jurassic Park,Universal,Adventure,45385935.0,5582525.0,73.0,2013.0,617.452723271718,167.3766058847789,13,17.630712813250984
Disney Planes,Walt Disney,Adventure,90282580.0,11104868.0,38.0,2013.0,641.2535027442887,185.63921513149003,17,18.31845508726336
Space Station,IMAX Films,Documentary,2436846.0,299735.0,186.0,2013.0,638.4448412113574,205.4410185946454,3,14.706215138160884
Ender's Game,Lionsgate,Adventure,61656849.0,7583868.0,57.0,2013.0,666.5689893034798,205.21282339035253,15,17.93709487629456
Metallica Through the Never,Picturehouse,Concert/Perfor...,3419967.0,420660.0,173.0,2013.0,668.3375179628255,223.12573232165326,3,15.045141459869427
2 Guns,Universal,Action,75612460.0,9300425.0,44.0,2013.0,685.814248709357,232.85012857094497,17,18.141131642384106
Mud,Roadside Attractions,Drama,21590086.0,2655607.0,108.0,2013.0,670.9964377047263,254.21440897144169,9,16.88774478580867
2013 Oscar Shorts,Shorts International,Multiple Genres,2142342.0,263510.0,195.0,2013.0,659.1342153510099,256.02760527382804,3,14.577410181110459
Django Unchained,Weinstein Co.,Western,56525312.0,6952682.0,62.0,2013.0,677.6641568699476,277.26959322864815,15,17.850199095794633
Pain & Gain,Paramount Pictures,Action,49875291.0,6134722.0,70.0,2013.0,663.0391327730255,303.46326937699445,15,17.725036267743747
Mandela: Long Walk to Freedom,Weinstein Co.,Drama,7061587.0,868583.0,150.0,2013.0,643.3514041717843,299.9428514296659,5,15.770180371743903
Insidious Chapter 2,FilmDistrict,Horror,83586447.0,10281235.0,42.0,2013.0,622.1080986233543,305.6631634295521,17,18.24139194768763
This is 40,Universal,Comedy,13289310.0,1634601.0,133.0,2013.0,603.2174978560885,316.93903158467776,5,16.402470510605713
Renoir,Samuel Goldwyn Films,Drama,2291047.0,281801.0,192.0,2013.0,595.839914726142,320.0327780449955,3,14.644519476284128
CitizenFour,RADiUS-TWC,Documentary,2263209.0,277014.0,200.0,2014.0,589.9899205055293,321.3660325663824,3,14.63229427563179
Edge of Tomorrow,Warner Bros.,Action,100206256.0,12265147.0,31.0,2014.0,596.5584446795709,340.25662520332816,17,18.42274117979579
Labor Day,Paramount Pictures,Drama,13371528.0,1636661.0,135.0,2014.0,575.7894697529249,347.51263516034646,5,16.408638228262298
The Trip to Italy,IFC Films,Comedy,2873758.0,351745.0,183.0,2014.0,567.9472589888364,349.0936887114998,3,14.871131138874706
No Good Deed,Sony Pictures,Thriller/Suspense,52543632.0,6431289.0,62.0,2014.0,555.2095243321585,361.81179060667523,15,17.77715446811563
Oculus,Relativity,Horror,27695246.0,3389870.0,95.0,2014.0,537.3718854924143,345.75505866574616,9,17.136771331879654
The Book Thief,20th Century Fox,Drama,2396662.0,293349.0,195.0,2014.0,537.0897446917776,333.7583759338983,3,14.689587493878406
Beyond the Lights,Relativity,Drama,14564709.0,1782706.0,130.0,2014.0,531.5812920626361,325.4123020286119,7,16.494111968773403
12 Years a Slave,Fox Searchlight,Drama,18199907.0,2227650.0,118.0,2014.0,534.8627891092758,311.8023138900096,7,16.71692704214386
Alexander and the Terrible ��,Walt Disney,Adventure,66032663.0,8082333.0,46.0,2014.0,512.109322773116,304.16819510070314,17,18.005660071510476
Left Behind,Freestyle Releasing,Thriller/Suspense,14019924.0,1716024.0,133.0,2014.0,492.92563136575046,293.39851618316015,5,16.455990018728635
The Hundred-Foot Journey,Walt Disney,Comedy,54235441.0,6638364.0,59.0,2014.0,473.16950876052647,290.28473719174866,15,17.808845145703934
The Judge,Warner Bros.,Drama,47063106.0,5760478.0,71.0,2014.0,468.6227536011811,262.6563637774312,13,17.666999939935508
The November Man,Relativity,Thriller/Suspense,25018119.0,3062193.0,101.0,2014.0,462.70342444394305,241.4676511613171,9,17.035110880320776
What If,CBS Films,Romantic Comedy,3493000.0,427539.0,176.0,2014.0,470.390079262409,232.2526993056776,3,15.066271523788968
The Book of Life,20th Century Fox,Adventure,49322356.0,6037008.0,68.0,2014.0,470.15347770980674,214.2542543810374,15,17.713888004786963
The Interview,Sony Pictures,Comedy,3552778.0,434856.0,175.0,2014.0,487.0676731833397,220.4113634009523,3,15.083240390641825
Anchorman 2: The Legend Con...,Paramount Pictures,Comedy,18639235.0,2281424.0,116.0,2014.0,485.51589178671844,198.5063582126756,7,16.74077932560699
Fury,Sony Pictures,Drama,85244339.0,10433823.0,35.0,2014.0,487.8181113144278,174.61703454610364,17,18.261032267230927
Let's Be Cops,20th Century Fox,Comedy,82390774.0,10084550.0,40.0,2014.0,502.03289004026817,143.73111435946527,17,18.22698402259162
Into the Storm,Warner Bros.,Thriller/Suspense,47602194.0,5826461.0,70.0,2014.0,533.6912137988496,139.06736728261416,15,17.6783894105764
The Pyramid,20th Century Fox,Horror,2695735.0,329955.0,189.0,2014.0,540.1999950090952,155.8493745271947,3,14.807181452414639
The Hunger Games: Catching ...,Lionsgate,Adventure,17528348.0,2145452.0,121.0,2014.0,548.8993792830598,160.78097804470258,7,16.679330014008322
Boyhood,IFC Films,Drama,24299768.0,2974267.0,104.0,2014.0,562.4537258273098,152.27923176770855,9,17.005977360940097
Gone Girl,20th Century Fox,Thriller/Suspense,166197583.0,20342421.0,17.0,2014.0,562.648443084243,119.40830138127608,20,18.92868789756026
Saving Mr. Banks,Walt Disney,Drama,24341481.0,2979373.0,103.0,2014.0,591.6361334245623,118.56342935915754,9,17.00769249001606
Bang Bang,FIP,Action,2581138.0,315928.0,192.0,2014.0,600.5457914271292,126.60196120752988,3,14.763740944919606
Before I Go to Sleep,Clarius Entertain...,Thriller/Suspense,3242457.0,396873.0,179.0,2014.0,605.6433031550828,129.76666880593066,3,14.991841933712406
Sex Tape,Sony Pictures,Comedy,38543473.0,4717683.0,82.0,2014.0,621.1030230917331,133.8894178257398,13,17.467297331057555
Endless Love,Universal,Drama,23438250.0,2868818.0,107.0,2014.0,633.3480035716938,152.1667385551405,9,16.969879861182914
The Grand Seduction,Entertainment One,Comedy,3409304.0,417295.0,177.0,2014.0,633.1270233962587,164.1647037060344,3,15.042018722855476
If I Stay,Warner Bros.,Drama,50474843.0,6178071.0,67.0,2014.0,656.7191558229636,157.62469077625474,15,17.73698561170762
47 Ronin,Universal,Action,5674795.0,694589.0,158.0,2014.0,661.5048434098683,177.04368133499767,5,15.55154499733126
Magic in the Moonlight,Sony Pictures Cla...,Romantic Comedy,10534510.0,1289413.0,142.0,2014.0,667.2556961806806,185.22461602538846,5,16.17016709251082
Kill the Messenger,Focus Features,Thriller/Suspense,2450846.0,299981.0,194.0,2014.0,674.325028100326,188.9695521009288,3,14.71194382903892
Moms' Night Out,Sony Pictures,Adventure,10429707.0,1276585.0,144.0,2014.0,681.6816207161507,192.11288553612016,5,16.160168734540182
Muppets Most Wanted,Walt Disney,Adventure,51178893.0,6264246.0,63.0,2014.0,698.2234844412822,203.3541819248461,15,17.750837758919204
Foxcatcher,Sony Pictures Cla...,Drama,7942789.0,972189.0,150.0,2014.0,705.0404613512733,222.15654416496497,5,15.887775030992007
Wild,Fox Searchlight,Drama,19742647.0,2416480.0,113.0,2014.0,709.8121563218466,233.1670358482553,7,16.79829167619167
Top Five,Paramount Pictures,Comedy,23740325.0,2905792.0,106.0,2014.0,706.3555725642877,248.7892005102661,9,16.982685637026815
Ouija,Universal,Horror,50856010.0,6224725.0,64.0,2014.0,707.3247414413574,272.7696240196147,15,17.744508864231996
RoboCop,Sony Pictures,Action,58607007.0,7173440.0,55.0,2014.0,696.3915368069232,300.7064283540691,15,17.886364820777754
Sabotage,Open Road,Action,10508518.0,1286232.0,143.0,2014.0,680.6177456292953,313.002261464704,5,16.16769672434722
Heaven is for Real,Sony Pictures,Drama,91386097.0,11185568.0,33.0,2014.0,673.3347497001246,333.76178868224156,17,18.330603913256862
Walking with Dinosaurs,20th Century Fox,Adventure,4731936.0,579184.0,165.0,2014.0,654.9115745178036,321.7373711827735,5,15.369844979052349
The Good Lie,Warner Bros.,Drama,2716989.0,332556.0,188.0,2014.0,649.7609336999388,315.6160233601656,3,14.815034839817294
The Maze Runner,20th Century Fox,Action,102104191.0,12497452.0,28.0,2014.0,636.8015434177587,339.620529052842,20,18.441504330284612
Sin City: A Dame to Kill For,Weinstein Co.,Action,13757804.0,1683941.0,134.0,2014.0,615.4422332068681,326.62899845344975,5,16.437116784709893
The Hobbit: The Desolation ...,Warner Bros.,Adventure,29307213.0,3587174.0,93.0,2014.0,614.9258506344809,358.6587554736946,9,17.193344221164995
Island of Lemurs: Madagascar,Warner Bros.,Documentary,8860004.0,1084455.0,147.0,2014.0,601.2705053934849,361.7460757274432,5,15.99705777404843
The Good Dinosaur,Walt Disney,Adventure,114766932.0,13614108.0,25.0,2015.0,904.7367916586253,248.0518748793797,20,18.558413951575233
Pawn Sacrifice,Bleecker Street,Drama,2436308.0,289004.0,197.0,2015.0,885.3367916586253,235.6971187101953,3,14.705994336601078
Chi-raq,Amazon Studios/Ro...,Drama,2601330.0,308580.0,192.0,2015.0,882.5939888003317,230.3607311230221,3,14.771533410662052
Danny Collins,Bleecker Street,Comedy,5637066.0,668691.0,161.0,2015.0,890.1544055961722,227.74537304559325,5,15.544874275350677
True Story,Fox Searchlight,Drama,4719695.0,559869.0,167.0,2015.0,899.2794873537553,223.65478837865084,5,15.367254736829796
The Night Before,Sony Pictures,Comedy,42884826.0,5087168.0,66.0,2015.0,917.5296508689214,215.473619044766,15,17.574028615035715
Room,A24,Drama,4976972.0,590388.0,165.0,2015.0,925.3366640083357,233.88694426974948,5,15.420332231945823
Bridge of Spies,Walt Disney,Thriller/Suspense,70610153.0,8376056.0,41.0,2015.0,941.73337257136,248.5548666958889,17,18.072684502322076
The Big Short,Paramount Pictures,Drama,33055481.0,3921172.0,79.0,2015.0,925.4434514220112,273.74689855018755,13,17.31369795014901
Seventh Son,Universal,Adventure,17725785.0,2102703.0,113.0,2015.0,905.4853949013108,275.0414949801711,7,16.69053091713099
The Second Best Exotic Mari...,Fox Searchlight,Comedy,33078266.0,3923875.0,78.0,2015.0,885.6906061722339,277.8991757130751,13,17.31438700836619
American Ultra,Lionsgate,Black Comedy,14439985.0,1712928.0,119.0,2015.0,866.3967229671736,283.16662963973556,7,16.48551165264725
A La Mala,Lionsgate,Romantic Comedy,3629842.0,430586.0,177.0,2015.0,856.6348705478784,280.99724324171814,3,15.104699679122943
The Imitation Game,Weinstein Co.,Drama,60653053.0,7194905.0,47.0,2015.0,840.5272774380741,292.85242962612307,17,17.920680530092366
90 Minutes in Heaven,Samuel Goldwyn Films,Drama,4816142.0,571309.0,166.0,2015.0,830.4784688978187,273.2814958997703,5,15.387483750585952
Baahubali: The Beginning,Bluesky Cinemas,Action,6738000.0,799288.0,153.0,2015.0,824.3340762818477,265.39185462904067,5,15.723273702948635
Brooklyn,Fox Searchlight,Drama,19563995.0,2320759.0,105.0,2015.0,816.1933616253986,254.00200103550074,9,16.789201445069896
Inside Out,Walt Disney,Adventure,356461711.0,42284900.0,4.0,2015.0,806.6416188354689,221.37127610216487,25,19.691737389526015
Learning to Drive,Broad Green Pictures,Drama,3447633.0,408971.0,182.0,2015.0,834.6370080107321,221.87939510944034,3,15.053198466585659
Do You Believe?,Pure Flix Enterta...,Drama,12985600.0,1540403.0,123.0,2015.0,840.6062680580278,213.85643216002077,7,16.37935160917358
Meru,Music Box Films,Documentary,2334228.0,276895.0,199.0,2015.0,850.497806387447,215.32526485220558,3,14.663191773432956
My All-American,Clarius Entertain...,Drama,2246000.0,266429.0,200.0,2015.0,856.493525992775,215.09866738027245,3,14.624661414280526
A Walk in the Woods,Broad Green Pictures,Adventure,29499394.0,3499334.0,85.0,2015.0,870.9401900538265,208.2216115053272,13,17.19988027872617
Point Break,Warner Bros.,Action,15584535.0,1848699.0,117.0,2015.0,889.4629489913212,215.76531095211445,7,16.561789634357325
Run All Night,Warner Bros.,Action,26461644.0,3138985.0,94.0,2015.0,897.6542696697436,202.02113889472042,9,17.091206846240276
Foxcatcher,Sony Pictures Cla...,Drama,4153511.0,492705.0,173.0,2015.0,909.3709224181778,199.42883328530422,3,15.239464558626603
San Andreas,Warner Bros.,Adventure,155190832.0,18409351.0,20.0,2015.0,923.0032638650218,180.9042748107641,20,18.860166091803617
Mad Max: Fury Road,Warner Bros.,Action,153214368.0,18174895.0,21.0,2015.0,951.8508249454399,208.61380782219447,20,18.847348596773926
The Danish Girl,Focus Features,Drama,6050349.0,717716.0,157.0,2015.0,934.2816463658053,226.39930652301564,5,15.615626514293666
The Lazarus Effect,Lionsgate,Horror,25801570.0,3060684.0,96.0,2015.0,963.9122223977464,234.98657202122175,9,17.065945900753572
In the Heart of the Sea,Warner Bros.,Adventure,23063385.0,2735870.0,98.0,2015.0,967.4098842101856,252.64347893737792,9,16.953756853012496
Far from the Madding Crowd,Fox Searchlight,Drama,12236500.0,1451542.0,128.0,2015.0,958.3748020705117,265.84829967562905,7,16.319933846445192
Get Hard,Warner Bros.,Comedy,90411453.0,10724964.0,31.0,2015.0,951.3883195369007,288.80889770371937,17,18.319881509815467
Into the Woods,Walt Disney,Musical,37130717.0,4404592.0,71.0,2015.0,923.4227267598694,299.66825406720886,13,17.429955136497384
Taken 3,20th Century Fox,Action,89256424.0,10587951.0,33.0,2015.0,894.2471775064205,306.65304653080983,17,18.307023953624796
Captive,Paramount Pictures,Drama,2583301.0,306441.0,193.0,2015.0,879.8329357963845,292.7883562737338,3,14.76457859645406
Jurassic World,Universal,Action,652270625.0,77374926.0,2.0,2015.0,859.5388253689032,330.303211263811,25,20.295970102792015
While We're Young,A24,Comedy,7582065.0,899414.0,145.0,2015.0,834.3723101081197,313.97389683764027,5,15.841296147957571
Magic Mike XXL,Warner Bros.,Comedy,66013057.0,7830730.0,43.0,2015.0,812.4576302973031,312.0382293069446,17,18.0053631137576
Terminator: Genisys,Paramount Pictures,Action,89760956.0,10647800.0,32.0,2015.0,806.6887581805302,278.5312134072808,17,18.31266065030583
Monkey Kingdom,Walt Disney,Documentary,16432322.0,1949267.0,115.0,2015.0,800.2553932429734,255.40953925551977,7,16.614760806868897
The Longest Ride,20th Century Fox,Drama,37446117.0,4442007.0,70.0,2015.0,778.8870718061082,250.17553132938795,15,17.438413577638634
The Gallows,Warner Bros.,Horror,22764410.0,2700404.0,99.0,2015.0,773.0917935673807,226.88573205726604,9,16.94070890943735
The Hobbit: The Battle of t...,Warner Bros.,Adventure,34517771.0,4094634.0,75.0,2015.0,772.3985623273984,204.89665680504334,13,17.35698485083165
Hot Tub Time Machine 2,Paramount Pictures,Comedy,12314651.0,1460812.0,126.0,2015.0,789.4221927707969,194.39922823769427,7,16.32630024971174
Big Eyes,Weinstein Co.,Drama,4558006.0,540688.0,170.0,2015.0,801.154217656741,191.87740507268325,5,15.332395805153729
The Green Inferno,High Top Releasing,Horror,7192291.0,853178.0,147.0,2015.0,811.1528562846072,191.7124032868084,5,15.78852031593907
The Martian,20th Century Fox,Thriller/Suspense,225345353.0,26731359.0,9.0,2015.0,837.3163373870699,185.04365103461933,22,19.233144685632485
Rock the Kasbah,Open Road,Comedy,3020665.0,358323.0,189.0,2015.0,848.3195293095898,207.49203109902913,3,14.92098756378638
The Man From U.N.C.L.E.,Warner Bros.,Action,45445109.0,5390878.0,61.0,2015.0,874.0227452018569,180.39180996526312,15,17.632015760035816
Criminal,Lionsgate,Action,14708696.0,1700427.0,128.0,2016.0,895.2410490902705,186.20417438079397,7,16.503949441469437
Bridget Jones's Baby,Universal,Romantic Comedy,24139805.0,2790728.0,103.0,2016.0,896.041509205755,170.22420993766963,9,16.999372695721995
Moana,Walt Disney,Musical,210046114.0,24282787.0,12.0,2016.0,908.0233004476448,143.8151834763293,20,19.162837655051472
Risen,Sony Pictures,Drama,36880033.0,4263587.0,76.0,2016.0,939.8518944775205,152.5295739932476,13,17.423180851446194
Nocturnal Animals,Focus Features,Thriller/Suspense,10185257.0,1177486.0,143.0,2016.0,945.3384182680594,169.67302920787256,5,16.136451840510748
Free State of Jones,STX Entertainment,Drama,20810036.0,2405784.0,108.0,2016.0,955.0183582693412,179.78731423310228,9,16.85094592830585
Collateral Beauty,Warner Bros.,Drama,24342478.0,2814159.0,102.0,2016.0,971.4170599922271,187.2090782958988,9,17.007733448065512
The Young Messiah,Focus Features,Drama,6469813.0,747955.0,161.0,2016.0,975.5287751786268,200.59167140134474,5,15.682657763431882
Barbershop: The Next Cut,Warner Bros.,Comedy,54030051.0,6246249.0,61.0,2016.0,985.6052922969219,217.86777636643183,15,17.805050949739847
Florence Foster Jenkins,Paramount Pictures,Drama,27383770.0,3165753.0,96.0,2016.0,981.5657209273255,241.52537267607278,9,17.125461060091737
Hacksaw Ridge,Lionsgate,Drama,64606565.0,7468967.0,47.0,2016.0,989.5544559885727,266.26764646247324,17,17.983826588976317
The Purge: Election Year,Universal,Horror,79042440.0,9137854.0,37.0,2016.0,983.583469777498,299.7392362613931,17,18.185495481372747
Captain America: Civil War,Walt Disney,Action,408084349.0,47177381.0,3.0,2016.0,955.1392000196935,330.6410730667555,25,19.82698444874623
The Secret Life of Pets,Universal,Adventure,368384330.0,42587783.0,4.0,2016.0,907.7008686196359,346.4399563810381,25,19.724637326153044
The Jungle Book,Walt Disney,Adventure,364001123.0,42081054.0,5.0,2016.0,869.9368680855498,379.2100687345461,25,19.71266751076109
Everybody Wants Some,Paramount Pictures,Comedy,3400278.0,393095.0,192.0,2016.0,852.4040065706753,357.37892659538545,3,15.03936775094972
Fantastic Beasts and Where ...,Warner Bros.,Adventure,222675573.0,25742841.0,11.0,2016.0,828.1393058233713,362.5378226669249,20,19.221226440535887
Eye in the Sky,Bleecker Street,Thriller/Suspense,18704596.0,2162381.0,117.0,2016.0,827.9699596438895,335.5383537486018,7,16.74427982702806
War Dogs,Warner Bros.,Black Comedy,43034523.0,4975089.0,69.0,2016.0,800.119651937448,341.5640534273946,15,17.57751321200289
The Wild Life,Lionsgate,Adventure,8005586.0,925501.0,155.0,2016.0,793.2572945350914,322.7782063375687,5,15.895650105980998
Star Wars Ep. VII: The Forc...,Walt Disney,Adventure,194453283.0,22480148.0,13.0,2016.0,776.2414792850074,304.4625837334908,20,19.085702501941118
The Wanderers,Warner Bros.,Drama,5017811.0,580093.0,170.0,2016.0,784.8257584420572,280.9825890283415,5,15.428504340791052
Ghostbusters,Sony Pictures,Comedy,128350574.0,14838216.0,21.0,2016.0,752.0318134472158,272.6209116664893,20,18.670275937417898
Deadpool,20th Century Fox,Action,363070709.0,41973492.0,6.0,2016.0,742.4715964589954,231.72345146248463,22,19.7101081638935
The Girl on the Train,Universal,Thriller/Suspense,75395035.0,8716189.0,40.0,2016.0,744.944640462417,192.80194001499405,17,18.13825198200369
Alvin and the Chipmunks: Th...,20th Century Fox,Adventure,30311560.0,3504226.0,88.0,2016.0,771.5349005310958,178.91100521995494,13,17.227039715871868
Passengers,Sony Pictures,Thriller/Suspense,55380209.0,6402336.0,58.0,2016.0,798.6766009082901,172.03146303790456,15,17.829732849625575
Allied,Paramount Pictures,Drama,39598941.0,4577912.0,72.0,2016.0,820.4212656524013,154.39146430870366,13,17.49431293344288
Sing,Universal,Adventure,166497820.0,19248302.0,15.0,2016.0,852.2835402172791,145.80103594031937,20,18.930492774205963
The Magnificent Seven,Sony Pictures,Western,93420253.0,10800029.0,30.0,2016.0,879.1324401270005,116.15079861179598,20,18.352618721234098
Arrival,Paramount Pictures,Drama,92191690.0,10657998.0,31.0,2016.0,915.1068235544508,107.4995711257803,17,18.339380554313014
Ratchet and Clank,Focus Features,Adventure,8813410.0,1018891.0,153.0,2016.0,926.1063454223003,126.55240605076457,5,15.991784983182812
Compadres,Lionsgate,Comedy,3127773.0,361592.0,199.0,2016.0,928.8546266580452,134.06552459430242,3,14.955831807681504
Bleed for This,Open Road,Drama,5083906.0,587734.0,168.0,2016.0,936.8220816527082,134.7863996930666,5,15.44159042174211
Nine Lives,EuropaCorp,Adventure,19700032.0,2277460.0,113.0,2016.0,948.8213472804224,134.65364278906924,7,16.79613081807238
Mechanic: Resurrection,Lionsgate,Action,21218403.0,2452994.0,107.0,2016.0,960.6675349895359,145.4085410573212,9,16.87037942912855
Point Break,Warner Bros.,Action,13197946.0,1525774.0,132.0,2016.0,956.7103709974796,158.83764576091085,5,16.395571769388113
Café Society,Lionsgate,Drama,11103205.0,1283607.0,139.0,2016.0,961.7171565827732,167.4939785931728,5,16.222744363344294
Warcraft,Universal,Action,47365290.0,5475756.0,66.0,2016.0,981.6158885937336,165.48388795940016,15,17.673400239937443
The Birth of a Nation,Fox Searchlight,Drama,15861566.0,1833707.0,123.0,2016.0,987.4091931409926,186.70740374785305,7,16.579409508262557
Incarnate,High Top Releasing,Horror,4799774.0,554887.0,171.0,2016.0,981.0223163195991,194.40206452454404,3,15.38407939143633
Sing Street,Weinstein Co.,Musical,3237118.0,374233.0,195.0,2016.0,983.4960130082505,199.86840010631676,3,14.990193985750302
The Edge of Seventeen,STX Entertainment,Drama,14406786.0,1665524.0,130.0,2016.0,995.4288516848229,198.18281558535884,7,16.48320990354282
Hell or High Water,Lionsgate,Western,27007844.0,3122294.0,97.0,2016.0,1007.6869883654518,208.4657181483038,9,17.111637900294788
Kabali,Cinegalaxy,Action,3903095.0,451224.0,182.0,2016.0,1003.5102192386648,219.7153670166694,3,15.177280386117621
Indignation,Roadside Attractions,Drama,3401155.0,393197.0,191.0,2016.0,1001.9082514256061,225.4975551082074,3,15.039625637781764
The Mermaid,Sony Pictures,Romantic Comedy,3229457.0,373347.0,196.0,2016.0,998.4948437093602,230.43199000621476,3,14.987824569611416
Manchester-by-the Sea,Roadside Attractions,Drama,28470697.0,3291410.0,93.0,2016.0,999.7801903251998,242.36295325639495,9,17.164385940865326
The Shallows,Sony Pictures,Thriller/Suspense,55121623.0,6372441.0,60.0,2016.0,1019.7502372667324,255.67449806355324,15,17.825052629083793
Love & Friendship,Roadside Attractions,Drama,14016568.0,1620412.0,131.0,2016.0,1010.3846176335255,273.3460902070498,5,16.455750616451343
Jigsaw,Lionsgate,Horror,38052832.0,4242233.0,72.0,2017.0,1182.0050947348152,249.83057735053117,13,17.45448606788602
Wind River,Weinstein Co.,Thriller/Suspense,33800859.0,3768212.0,76.0,2017.0,1174.144629618536,225.04725456774517,13,17.335996774331495
Kidnap,Aviron Pictures,Thriller/Suspense,30718107.0,3424538.0,83.0,2017.0,1199.537849296758,230.6315534828791,13,17.240362843251336
mother!,Paramount Pictures,Thriller/Suspense,17800004.0,1984392.0,112.0,2017.0,1201.994545085837,250.4800961447453,7,16.69470923998139
Captain Underpants: The Fir...,20th Century Fox,Adventure,73921000.0,8240914.0,43.0,2017.0,1199.3185710497185,274.3304454704474,17,18.118507513344728
Hidden Figures,20th Century Fox,Drama,167620331.0,18686770.0,20.0,2017.0,1166.5682325440837,291.5471619915018,20,18.937212045337773
Valerian and the City of a ...,STX Entertainment,Adventure,40479370.0,4512750.0,68.0,2017.0,1131.671124193962,294.22892051900874,15,17.51630301958127
Logan,20th Century Fox,Action,226277068.0,25225983.0,9.0,2017.0,1097.2075828533857,280.7654767446098,22,19.237270770957366
American Made,Universal,Action,51342000.0,5723745.0,53.0,2017.0,1094.401328618271,243.87204999718097,15,17.754019688628247
Assassin's Creed,20th Century Fox,Action,18232781.0,2032640.0,108.0,2017.0,1109.047792146494,224.8593935253347,9,16.7187316857607
The Shape of Water,Fox Searchlight,Drama,15670177.0,1746954.0,118.0,2017.0,1122.7473919757142,216.59374385218598,7,16.56726990973746
Let There Be Light,Atlas Distribution,Drama,7210068.0,803797.0,147.0,2017.0,1134.6543162026067,215.1020483554287,5,15.790988940562011
Lion,Weinstein Co.,Drama,46435795.0,5176789.0,57.0,2017.0,1152.8696257088925,206.84356789046348,15,17.65358116375205
A Dog's Purpose,Universal,Drama,64321890.0,7170779.0,45.0,2017.0,1183.1254126501894,196.42304215694918,17,17.979410566731634
Moana,Walt Disney,Musical,38710930.0,4315599.0,71.0,2017.0,1211.0724045704278,207.33017938952023,13,17.471632547065035
Wish Upon,Broad Green Pictures,Horror,14301505.0,1594370.0,121.0,2017.0,1218.9262894408682,225.7235611460616,7,16.47587533444754
Phoenix Forgotten,Entertainment Stu...,Horror,3600146.0,401354.0,180.0,2017.0,1214.9573652293043,234.90221249595297,3,15.09648495815954
The House,Warner Bros.,Comedy,25584504.0,2852230.0,94.0,2017.0,1217.5230999638345,246.62471245423941,9,17.057497413674216
All the Money in the World,Sony Pictures,Thriller/Suspense,12712380.0,1417211.0,127.0,2017.0,1220.1477473248988,262.4079702367778,7,16.358086879766375
Colossal,Neon,Drama,3194575.0,356139.0,184.0,2017.0,1219.2217629053653,272.36500558143644,3,14.976964616601494
Baywatch,Paramount Pictures,Comedy,58060186.0,6472707.0,48.0,2017.0,1229.8387947832546,289.3143015580805,17,17.876990720138128
The Zookeeper's Wife,Focus Features,Drama,17445186.0,1944836.0,113.0,2017.0,1207.1127235055508,297.0295905533628,7,16.674574294626996
Same Kind of Different as Me,Pure Flix Enterta...,Drama,6394006.0,712821.0,154.0,2017.0,1195.1628073699317,295.9343716931914,5,15.670871546981214
Monster Trucks,Paramount Pictures,Adventure,33370166.0,3720196.0,78.0,2017.0,1191.2112870035169,313.4952796080405,13,17.3231728252432
Darkest Hour,Focus Features,Drama,18132857.0,2021500.0,110.0,2017.0,1170.2923979728048,320.30704015291826,9,16.71323615443069
LBJ,Electric Entertai...,Drama,2468683.0,275215.0,198.0,2017.0,1160.2920673575845,313.6742890203724,3,14.719195368022786
Cars 3,Walt Disney,Adventure,152901115.0,17045832.0,21.0,2017.0,1142.0328081887972,327.65997651177054,20,18.845301963220642
Despicable Me 3,Universal,Adventure,264624300.0,29501036.0,8.0,2017.0,1100.13953695294,324.66768221492885,22,19.39382164216309
Jumanji: Welcome to the Jungle,Sony Pictures,Adventure,169002557.0,18840865.0,18.0,2017.0,1062.9759905236006,305.1005971792284,20,18.9454244029504
Pirates of the Caribbean: D...,Walt Disney,Adventure,172558876.0,19237332.0,17.0,2017.0,1058.120619990597,265.3963735123785,20,18.96624904634756
Just Getting Started,Broad Green Pictures,Comedy,6036997.0,673020.0,158.0,2017.0,1074.5861134968184,246.58447505431243,5,15.613417260842876
The Snowman,Universal,Thriller/Suspense,6670765.0,743675.0,153.0,2017.0,1075.7498682527366,236.6524221513081,5,15.71324510396878
The Belko Experiment,BH Tilt,Horror,10166820.0,1133424.0,136.0,2017.0,1081.5764881000387,228.52527620977193,5,16.134640034763013
Hacksaw Ridge,Lionsgate,Drama,2603050.0,290195.0,193.0,2017.0,1089.3408758040396,226.59802853965874,3,14.772194392397674
47 Meters Down,Entertainment Stu...,Thriller/Suspense,44307193.0,4939486.0,65.0,2017.0,1091.298713556671,208.70482113197542,15,17.60665759203791
It,Warner Bros.,Horror,327481748.0,36508556.0,6.0,2017.0,1121.4646464914185,187.28015100204564,22,19.606942880188825
The Founder,Weinstein Co.,Drama,12786053.0,1425424.0,126.0,2017.0,1150.3737291984196,184.98560594043232,7,16.363865525458987
The Salesman,Cohen Media Group,Drama,2402067.0,267788.0,200.0,2017.0,1159.0594109135677,189.94130297951193,3,14.6918401746552
Sing,Universal,Adventure,103831225.0,11575387.0,31.0,2017.0,1166.1945290992953,166.93838204044016,17,18.4582773023416
Unforgettable,Warner Bros.,Thriller/Suspense,11368012.0,1267337.0,132.0,2017.0,1186.7697023887388,174.72697909699508,5,16.246314004353167
Lowriders,BH Tilt,Drama,6179955.0,688958.0,156.0,2017.0,1195.996999824249,178.58145468215906,5,15.636821547853964
My Little Pony: The Movie,Lionsgate,Adventure,21885107.0,2439811.0,100.0,2017.0,1208.153998198317,185.52460890289404,9,16.90131691778869
Rings,Paramount Pictures,Horror,27793018.0,3098441.0,90.0,2017.0,1229.8241633183356,189.31986168381985,13,17.140295396038017
Maudie,Sony Pictures Cla...,Drama,6170998.0,687959.0,157.0,2017.0,1229.072385758376,207.30415567886845,5,15.63537113320657
Guardians of the Galaxy Vol 2,Walt Disney,Action,389813101.0,43457424.0,4.0,2017.0,1250.849579409924,227.9379589313708,25,19.781177954016304
Collateral Beauty,Warner Bros.,Drama,6673543.0,743985.0,152.0,2017.0,1230.9963063796006,250.4290138195576,5,15.713661461271105
The Great Wall,Universal,Action,45157105.0,5034236.0,59.0,2017.0,1253.5682876859955,267.8454597966169,15,17.625658189787885
The Lego Batman Movie,Warner Bros.,Adventure,175750384.0,19593131.0,14.0,2017.0,1264.9656391857582,300.9377606956305,20,18.984575273574425
The Hitman's Bodyguard,Lionsgate,Action,75468583.0,8413442.0,41.0,2017.0,1235.1826934700775,322.8917157948107,17,18.139227008412334
Mayweather vs. McGregor,Fathom Events,Concert/Perfor...,2620183.0,292105.0,192.0,2017.0,1222.1060379409514,307.75893415452475,3,14.778754720626313
Molly's Game,STX Entertainment,Drama,23403264.0,2568964.0,109.0,2018.0,1209.3607129785917,325.9290375586877,9,16.968386057779984
Mid90s,A24,Drama,7362439.0,808171.0,156.0,2018.0,1196.2286851364333,330.7818557865613,5,15.811901821678454
Downsizing,Paramount Pictures,Comedy,7289080.0,800119.0,157.0,2018.0,1186.2286901996977,330.791918850696,5,15.801887895746567
Creed II,MGM,Drama,112448520.0,12343416.0,30.0,2018.0,1173.5243933848567,352.32331087351747,20,18.538006074877917
The Miracle Season,LD Entertainment,Drama,10230620.0,1123009.0,142.0,2018.0,1148.5298504011719,351.80098814116633,5,16.140895742151944
Padmavati,Paramount Pictures,Drama,11846060.0,1300335.0,137.0,2018.0,1138.5487813655236,352.41601733203726,5,16.287505880807064
Venom,Sony Pictures,Action,213429141.0,23428006.0,11.0,2018.0,1116.1403430673706,363.5003257469935,20,19.17881544327286
I Can Only Imagine,Roadside Attractions,Drama,83482352.0,9163814.0,37.0,2018.0,1079.5807109084503,357.8088148399978,17,18.240145814189415
Ready Player One,Warner Bros.,Adventure,137690172.0,15114179.0,24.0,2018.0,1046.372847400564,341.49201977351515,20,18.740516588602723
Pandas,IMAX Films,Documentary,5757906.0,632042.0,168.0,2018.0,1041.0276354892248,317.0701298052331,5,15.566084424908116
Ferdinand,20th Century Fox,Adventure,30863663.0,3387888.0,93.0,2018.0,1033.9762599898575,304.9755812991118,9,17.245090095198155
The Happytime Murders,STX Entertainment,Black Comedy,20706452.0,2272936.0,114.0,2018.0,1040.3843478620515,290.3148715679208,7,16.84595590049136
Sanju,20th Century Fox,Drama,7909317.0,868202.0,152.0,2018.0,1037.0158016732103,278.7973676467735,5,15.883551989618805
Beautiful Boy,Amazon Studios,Drama,7610815.0,835435.0,154.0,2018.0,1033.4520915105536,269.45392235734323,5,15.845080820029922
Overlord,Paramount Pictures,Action,21704844.0,2382530.0,111.0,2018.0,1032.2981938480962,257.5095295228549,7,16.893046019405965
Unsane,Bleecker Street,Thriller/Suspense,7690044.0,844132.0,153.0,2018.0,1039.9288801134035,248.24817826504955,5,15.855437063181972
Uncle Drew,Lionsgate,Comedy,42469946.0,4661904.0,73.0,2018.0,1050.0878112339747,233.38896837732375,13,17.56430723080289
All the Money in the World,Sony Pictures,Thriller/Suspense,12393945.0,1360476.0,134.0,2018.0,1067.8565339891097,230.51277442504133,5,16.33271860486323
Mile 22,STX Entertainment,Action,36108758.0,3963639.0,82.0,2018.0,1063.3974285872619,211.05392671832797,13,17.402045997757664
Bumblebee,Paramount Pictures,Adventure,71426119.0,7840408.0,41.0,2018.0,1072.8270529522515,182.57442208191983,17,18.084174172741726
Adrift,STX Entertainment,Drama,31445011.0,3451702.0,92.0,2018.0,1095.6488420167057,170.11785979942943,9,17.26375089577682
The Predator,20th Century Fox,Action,51024708.0,5600956.0,58.0,2018.0,1111.1073526704984,151.7593618116697,15,17.74782054395885
Early Man,Lionsgate,Adventure,8267544.0,907524.0,149.0,2018.0,1128.7022485041982,161.26828607265995,5,15.927848045868071
The Shape of Water,Fox Searchlight,Drama,48189258.0,5289710.0,63.0,2018.0,1141.836465509829,146.1854367513611,15,17.690646691112626
Three Billboards Outside Eb...,Fox Searchlight,Black Comedy,30349111.0,3331406.0,97.0,2018.0,1165.2596288473324,140.9551959094269,9,17.228277783442753
Eighth Grade,A24,Drama,13539710.0,1486246.0,131.0,2018.0,1177.3661721216909,147.98595759974762,5,16.421137407198355
Den of Thieves,STX Entertainment,Action,44947622.0,4933877.0,68.0,2018.0,1195.9919466911313,155.2715956423893,15,17.62100841425667
Christopher Robin,Walt Disney,Adventure,99215042.0,10890783.0,36.0,2018.0,1227.7253834137202,159.39336635088813,17,18.412800193824488
Teen Titans Go! To The Movies,Warner Bros.,Adventure,29790236.0,3270059.0,99.0,2018.0,1247.5208633490822,176.24978869160697,9,17.209691246779602
Truth or Dare,Universal,Thriller/Suspense,41411015.0,4545666.0,76.0,2018.0,1262.9623378256847,191.92017049896677,13,17.539057466209044
Green Book,Universal,Comedy,32153006.0,3529418.0,89.0,2018.0,1283.2838663764094,208.13853901624012,13,17.286016503499518
BlacKkKlansman,Focus Features,Black Comedy,48527565.0,5326846.0,62.0,2018.0,1290.1702667745953,235.27850013551705,15,17.697642544973192
Hotel Artemis,Global Road,Thriller/Suspense,6708137.0,736348.0,160.0,2018.0,1273.9884873208825,247.03222353329187,5,15.718831825091756
Ya Veremos,Lionsgate,Drama,4165949.0,457294.0,183.0,2018.0,1266.954367988021,250.84288820117632,3,15.242454658769407
Smallfoot,Warner Bros.,Adventure,82976621.0,9108301.0,38.0,2018.0,1285.5555882085368,266.94401358046156,17,18.234069451384308
Fahrenheit 11/9,Briarcliff Entert...,Documentary,6352306.0,697289.0,162.0,2018.0,1286.8789419962334,288.90417602869013,5,15.664328454552315
Wonder,Lionsgate,Drama,10863515.0,1192482.0,141.0,2018.0,1289.8420605250888,298.45508847640707,5,16.20092048492695
Blockers,Universal,Comedy,60311495.0,6620362.0,50.0,2018.0,1297.1392020609044,319.20964762388775,17,17.91503327371221
Sherlock Gnomes,Paramount Pictures,Adventure,43242871.0,4746748.0,72.0,2018.0,1270.7244007427616,333.4314010784743,13,17.58234294538587
Skyscraper,Universal,Action,68420120.0,7510441.0,46.0,2018.0,1248.8910112876338,354.00573229240973,17,18.04117749138533
Superfly,Sony Pictures,Thriller/Suspense,20537137.0,2254350.0,116.0,2018.0,1226.533768064399,345.2791249644089,7,16.837745366186674
Super Troopers 2,20th Century Fox,Comedy,30617396.0,3360856.0,95.0,2018.0,1210.5944717138418,343.8867055415633,9,17.237078902121585
Life Itself,Amazon Studios,Drama,4095431.0,449553.0,185.0,2018.0,1200.3490897920324,337.6391340712833,3,15.225382520036133
Halloween,Universal,Horror,159341510.0,17490835.0,19.0,2018.0,1207.908377747246,372.7620392920607,20,18.88656031846253
Hell Fest,CBS Films,Horror,11107431.0,1219257.0,140.0,2018.0,1183.0518624090976,375.4366692186851,5,16.223124901753998
Sicario: Day of the Soldado,Sony Pictures,Action,50065850.0,5495702.0,60.0,2018.0,1166.4591585128928,386.6027866017719,15,17.72884969690861
Crazy Rich Asians,Warner Bros.,Romantic Comedy,174519335.0,19156897.0,17.0,2018.0,1133.8662508028344,399.35827040300836,20,18.9775460957609
7 Days in Entebbe,Focus Features,Thriller/Suspense,3189220.0,350079.0,198.0,2018.0,1114.8215978765882,386.46248834379145,3,14.975286930755995
Welcome to Marwen,Universal,Drama,8357895.0,917441.0,148.0,2018.0,1106.82512556687,386.7000396012281,5,15.938717159097015
Incredibles 2,Walt Disney,Adventure,608581744.0,66803704.0,3.0,2018.0,1079.8402957017636,399.8080126387068,25,20.226641798263465
Brian Banks,Bleecker Street,Drama,4376820.0,477818.0,163.0,2019.0,1459.3777203226248,243.9123464792891,5,15.29183299126984
Ne Zha,Well Go USA,Adventure,3695533.0,403442.0,172.0,2019.0,1456.520577465482,236.43994829036225,3,15.12263535094667
Miss Bala,Sony Pictures,Action,14998027.0,1637339.0,118.0,2019.0,1456.998487719145,226.45137472906515,7,16.523429217081883
Gloria Bell,A24,Drama,5611123.0,612568.0,152.0,2019.0,1464.8392958859185,235.53552176067222,5,15.540261435719005
Instant Family,Paramount Pictures,Comedy,2518231.0,274916.0,189.0,2019.0,1467.3398334643414,243.13468696606787,3,14.739067228854395
Mary Queen of Scots,Focus Features,Drama,6742269.0,736056.0,143.0,2019.0,1466.3569465432631,251.0740782084978,5,15.723907073119914
Last Christmas,Universal,Romantic Comedy,35116450.0,3833674.0,76.0,2019.0,1460.044377869646,267.93087140118035,13,17.374180239617505
Don't Let Go,OTL Releasing,Thriller/Suspense,5215062.0,569330.0,156.0,2019.0,1442.9527029377798,273.5766351248422,5,15.467061535128698
Toy Story 4,Walt Disney,Adventure,434038008.0,47384062.0,4.0,2019.0,1426.8030923175627,298.858843826128,25,19.88864266426699
Welcome to Marwen,Universal,Drama,2405625.0,262623.0,192.0,2019.0,1412.5891708009892,274.7349047795981,3,14.693320303020148
The Secret Life of Pets 2,Universal,Adventure,158874395.0,17344366.0,16.0,2019.0,1387.248886723268,277.4003998050841,20,18.883624479441465
The Sun is Also a Star,Warner Bros.,Drama,4950029.0,540396.0,157.0,2019.0,1390.4755142384133,252.60949673806155,5,15.41490399311357
Free Solo,Greenwich,Documentary,6093902.0,665273.0,147.0,2019.0,1389.399864506462,242.66751616806678,5,15.622799157006952
If Beale Street Could Talk,Annapurna Pictures,Drama,10506525.0,1147000.0,130.0,2019.0,1389.8266634703098,230.67510845966817,7,16.1675070506924
Spies in Disguise,20th Century Fox,Adventure,47042421.0,5135635.0,58.0,2019.0,1395.4829201261064,209.41465783782678,15,17.666560327067007
Shaft,Warner Bros.,Comedy,21360215.0,2331901.0,103.0,2019.0,1419.1220000373658,205.2681049382378,9,16.87704063754868
Bharat,Viva Entertainment,Action,2684911.0,293112.0,185.0,2019.0,1429.489607202835,211.3106806855918,3,14.80315813826213
Godzilla: King of the Monsters,Warner Bros.,Action,110500138.0,12063334.0,25.0,2019.0,1449.758587211795,200.4401494475896,20,18.52052732779008
Pain & Glory,Sony Pictures Cla...,Drama,3967719.0,433157.0,171.0,2019.0,1463.5190919944619,218.86970473593564,3,15.193701928347034
A Dog's Way Home,Sony Pictures,Drama,41952715.0,4579990.0,65.0,2019.0,1480.8867013746888,223.5989905610737,15,17.552053708687897
Jexi,Lionsgate,Comedy,6546159.0,714646.0,144.0,2019.0,1475.3333443978463,242.81253334442718,5,15.694389023390803
Five Feet Apart,Lionsgate,Drama,45729221.0,4992273.0,60.0,2019.0,1486.6761022460605,259.2849904895156,15,17.638248060719846
47 Meters Down: Uncaged,Entertainment Stu...,Thriller/Suspense,22260900.0,2430229.0,99.0,2019.0,1477.4180045982155,281.4274300105568,9,16.918342334261197
Booksmart,United Artists,Comedy,22680962.0,2476087.0,97.0,2019.0,1461.5265274331805,289.8808880907256,9,16.937036452150032
Missing Link,United Artists,Adventure,16649539.0,1817635.0,116.0,2019.0,1458.1041220186441,305.5105759052199,7,16.627893086319727
Fast & Furious Presents: Ho...,Universal,Action,173956935.0,18990932.0,13.0,2019.0,1456.7188566503914,332.4750161897784,20,18.974318326545625
Dark Waters,Focus Features,Drama,10633879.0,1160904.0,128.0,2019.0,1429.7759259508825,330.72045489946515,7,16.17955559438473
Men in Black: International,Sony Pictures,Adventure,80001807.0,8733821.0,35.0,2019.0,1406.2543755294037,335.4887528945386,17,18.19755977988306
Serenity,Aviron Pictures,Thriller/Suspense,8547045.0,933083.0,138.0,2019.0,1400.980866605083,314.1301456453495,5,15.96109616713956
IP Man: The Finale,Well Go USA,Action,2866676.0,312955.0,182.0,2019.0,1399.7879223280747,306.21959042134955,3,14.86866372836428
Little,Universal,Comedy,40860481.0,4460751.0,67.0,2019.0,1381.1103646300087,311.8578887807852,15,17.525673919188524
Honey Boy,Amazon Studios,Drama,2980099.0,325338.0,180.0,2019.0,1373.2622279888858,295.6589150088987,3,14.907467079406276
Harriet,Focus Features,Drama,42547700.0,4644945.0,64.0,2019.0,1355.5784825591238,292.29957763742624,15,17.56613635746863
The Biggest Little Farm,Neon,Documentary,4367816.0,476835.0,164.0,2019.0,1362.5467482136767,273.55275727322635,5,15.28977367097749
The Lighthouse,A24,Horror,10809320.0,1180056.0,127.0,2019.0,1365.1799763389104,261.8452336392345,7,16.195919282918954
Cold War,Amazon Studios,Drama,4307930.0,470298.0,166.0,2019.0,1375.320872194351,255.429453776341,5,15.275968068287034
Star Wars: The Rise of Skyw...,Walt Disney,Adventure,390706234.0,42653519.0,6.0,2019.0,1360.8912002072386,232.60874900316742,22,19.783466515874455
The Mule,Warner Bros.,Drama,39084073.0,4266820.0,70.0,2019.0,1368.4574707748666,196.3906382062547,15,17.481225601816604
Good Boys,Universal,Comedy,83140306.0,9076453.0,34.0,2019.0,1394.2416820399342,177.43873989926814,17,18.23604017232084
Long Shot,Lionsgate,Romantic Comedy,30316271.0,3309636.0,82.0,2019.0,1424.1629507517532,179.6107616936161,13,17.227195123048137
Dora and the Lost City of Gold,Paramount Pictures,Adventure,60477943.0,6602395.0,46.0,2019.0,1449.43265054471,163.44158507964352,17,17.91778927801377
Shazam!,Warner Bros.,Action,140371656.0,15324416.0,19.0,2019.0,1483.2195331872497,178.52291662892156,20,18.759804148833524
They Shall Not Grow Old,Warner Bros.,Documentary,12253074.0,1337672.0,123.0,2019.0,1491.3770260108752,204.2611238476169,7,16.32128740225065
Jumanji: The Next Level,Sony Pictures,Adventure,192094536.0,20971019.0,11.0,2019.0,1515.238697012324,216.89523074199627,20,19.07349818381526
After,Aviron Pictures,Drama,12138565.0,1325170.0,125.0,2019.0,1497.8779732486107,237.57384941926858,7,16.311898132325588
Dark Phoenix,20th Century Fox,Action,65845974.0,7188425.0,43.0,2019.0,1518.1984483261704,253.7766606513719,17,18.00282884533234
Rambo: Last Blood,Lionsgate,Action,44819352.0,4892942.0,62.0,2019.0,1505.0902686986321,282.96870797341137,15,17.618150568401216
Yesterday,Universal,Romantic Comedy,73286650.0,8000726.0,37.0,2019.0,1483.6026035642963,306.6811571736659,17,18.10988902202941
The Current War: Director's...,101 Studios,Drama,5978673.0,652693.0,148.0,2019.0,1481.4122830024146,328.5718514485444,5,15.603709194947442
The Kitchen,Warner Bros.,Drama,12180032.0,1329698.0,124.0,2019.0,1482.4914444229364,340.52322838295896,7,16.315308447500374
Ride Your Wave,GKIDS,Comedy,332432.0,36252.0,141.0,2020.0,1474.8029765326337,349.73666756166875,5,12.714190606884568
Ordinary Love,Bleecker Street,Drama,323688.0,35298.0,143.0,2020.0,1466.5910888654232,355.4432340373278,5,12.687535367864804
Possessor,Neon,Thriller/Suspense,752885.0,80009.0,104.0,2020.0,1453.8920935364426,361.3369185923855,9,13.531667772675211
A Hidden Life,Fox Searchlight,Drama,456268.0,49756.0,131.0,2020.0,1442.577909625948,353.091359639864,5,13.030835635155421
Pinocchio,Roadside Attractions,Adventure,782555.0,83162.0,101.0,2020.0,1430.1133105251124,346.7168973679977,9,13.570319486466328
Wild Mountain Thyme,Bleecker Street,Drama,213441.0,23276.0,162.0,2020.0,1418.1529044927452,353.9934822497203,5,12.271115726855841
The Silencing,Saban Films,Thriller/Suspense,100746.0,10986.0,200.0,2020.0,1410.228401488735,355.08995483917863,3,11.520357776787524
Spell,Paramount Pictures,Horror,500104.0,53146.0,128.0,2020.0,1400.9838598447002,358.90288675460897,7,13.122571355775328
Unhinged,Solstice Studios,Thriller/Suspense,20831465.0,2271697.0,23.0,2020.0,1374.3822905838035,354.28157602520355,20,16.85197514201703
Star Wars Ep. V: The Empire...,20th Century Fox,Adventure,1580209.0,172323.0,77.0,2020.0,1357.0589464016907,326.19418123059745,13,14.273067674736135
Bombshell,Lionsgate,Drama,7172836.0,782206.0,48.0,2020.0,1330.5213666786071,312.20286740948046,17,15.785811671331235
The Burnt Orange Heresy,Sony Pictures Cla...,Thriller/Suspense,144201.0,15725.0,177.0,2020.0,1337.618862759231,293.504590767353,3,11.8789634386217
Star Wars: The Rise of Skyw...,Walt Disney,Adventure,124496308.0,13576478.0,5.0,2020.0,1322.3468402377985,270.03620079051694,25,18.639786618810856
Kajillionaire,Focus Features,Drama,531430.0,57953.0,123.0,2020.0,1332.7943373201713,239.78971661939698,7,13.183326765362446
Panga,FIP,Drama,582720.0,61925.0,116.0,2020.0,1332.7042395484534,225.79000653698702,7,13.27546207552138
Hope Gap,Roadside Attractions,Drama,104732.0,11421.0,194.0,2020.0,1339.9714385890911,218.92066755104707,3,11.559159985309764
The Turning,Universal,Horror,15472775.0,1687325.0,28.0,2020.0,1333.460637424374,196.86144117763317,20,16.554592585906764
Train to Busan Presents: Pe...,Well Go USA,Horror,1224525.0,130130.0,81.0,2020.0,1354.9832304792146,171.84588625283232,13,14.018063571662475
My Boyfriend's Meds,Lionsgate,Romantic Comedy,2971116.0,324003.0,66.0,2020.0,1374.7757137701487,152.04039193488862,15,14.904448197775443
Cunningham,Magnolia Pictures,Documentary,163020.0,17777.0,173.0,2020.0,1391.9034158637044,157.57589742168955,3,12.001628171648449
Coco,Walt Disney,Musical,734000.0,80043.0,105.0,2020.0,1402.975811073641,152.94966090428426,9,13.506264307596652
A Christmas Story,MGM,Comedy,3896391.0,424906.0,58.0,2020.0,1424.814987104931,142.99725464879376,15,15.175561298051816
I Still Believe,Lionsgate,Drama,10410004.0,1135223.0,37.0,2020.0,1453.940425678667,129.74173399181703,17,16.158277824836997
The Nightmare Before Christmas,Walt Disney,Musical,2286000.0,249291.0,70.0,2020.0,1482.81976206719,143.52519980265464,15,14.642314123336893
The Climb,Sony Pictures Cla...,Drama,234429.0,25564.0,157.0,2020.0,1496.9791051181157,157.6501070365518,5,12.36490804916881
Lupin III: The First,GKIDS,Adventure,139066.0,14778.0,182.0,2020.0,1501.3395586260647,164.35730057819165,3,11.8427039195653
The Santa Clause,Walt Disney,Adventure,706000.0,76990.0,108.0,2020.0,1511.2569864404174,171.11338121322711,9,13.467370516475379
The Secrets We Keep,Bleecker Street,Thriller/Suspense,231119.0,24560.0,158.0,2020.0,1507.471687158814,184.59193860445754,5,12.350688008374092
Toy Story,Walt Disney,Adventure,870305.0,94907.0,96.0,2020.0,1520.9271284279691,188.45860386696938,9,13.676599003906453
Save Yourselves!,Bleecker Street,Comedy,301162.0,32004.0,145.0,2020.0,1531.363441543277,197.7904508738192,5,12.615403604930187
Richard Jewell,Warner Bros.,Drama,4523325.0,493274.0,55.0,2020.0,1548.9184286123032,207.3728529216527,15,15.324757900842055
Ava,Vertical Entertai...,Action,497747.0,52895.0,129.0,2020.0,1540.0636819813074,227.51220400605624,7,13.117847194786231
Words on Bathroom Walls,Roadside Attractions,Drama,2542518.0,277264.0,69.0,2020.0,1549.5489952458536,247.3623635085243,15,14.748665486525809
Citizen K,Greenwich,Documentary,101762.0,10814.0,196.0,2020.0,1537.087073750289,260.3508396561863,3,11.53039203246886
Brahms: The Boy II,STX Entertainment,Horror,12611536.0,1375303.0,34.0,2020.0,1539.6051337991819,280.1916907868754,17,16.350122508611918
Ammonite,Neon,Drama,160930.0,17549.0,174.0,2020.0,1520.7165083750633,273.61751178206106,3,11.98872476681254
Midway,Lionsgate,Action,299520.0,32663.0,147.0,2020.0,1522.090239298395,293.50440916541527,5,12.609936472271364
Promising Young Woman,Focus Features,Black Comedy,1208180.0,131753.0,82.0,2020.0,1513.9160874459733,309.54134283409235,13,14.00462565299903
The SpongeBob Movie: Sponge...,Paramount Pictures,Adventure,4810790.0,524622.0,52.0,2020.0,1503.958682180566,335.71098326686183,15,15.386371869760081
Jojo Rabbit,Fox Searchlight,Black Comedy,11791356.0,1285862.0,35.0,2020.0,1490.772954673656,364.8680851481104,17,16.282877278622745
The Forgotten Carols,Purdie Distribution,Musical,501629.0,53308.0,127.0,2020.0,1467.3320727476191,370.0183331547215,7,13.12561608162165
The Personal History of Dav...,Searchlight Pictures,Drama,1876298.0,204612.0,73.0,2020.0,1452.364548455796,383.2838228393765,13,14.444811244547274
The Man Standing Next,Capelight Pictures,Thriller/Suspense,113527.0,12064.0,191.0,2020.0,1444.8097080451093,369.17976716843367,3,11.63979597307589
Love and Monsters,Paramount Pictures,Adventure,1070714.0,116762.0,87.0,2020.0,1428.8175556799076,368.6787055672587,13,13.883836273618924
The New Mutants,20th Century Studios,Horror,23855569.0,2601479.0,20.0,2020.0,1400.668111973479,385.90104045596087,20,16.987528249089717
Tokyo Godfathers,IDP Distribution,Adventure,237581.0,25908.0,156.0,2020.0,1376.5873466669957,379.18414070577364,5,12.378263896943183
Parasite,Neon,Black Comedy,29518856.0,3219068.0,17.0,2020.0,1353.2983002769422,388.27371265619763,20,17.20053980355808
Come Away,Relativity,Drama,184477.0,20117.0,167.0,2020.0,1351.09324419375,363.37114797562754,5,12.125280073445248
The Hunt,Universal,Thriller/Suspense,5812500.0,633860.0,49.0,2020.0,1335.8992177373912,347.46072497548494,17,15.575521328877748
Honeyland,Neon,Documentary,102719.0,11201.0,195.0,2020.0,1324.2589572534282,331.1971357078759,3,11.539752383673909
Finding You,Roadside Attractions,Drama,2753985.0,264806.0,98.0,2021.0,1747.8415193504743,247.92879089354435,9,14.828559511632811
Those Who Wish Me Dead,Warner Bros.,Thriller/Suspense,7407200.0,807764.0,74.0,2021.0,1745.8415193504743,226.01988859333773,13,15.817963058115975
Dutch,Faith Media Distr...,Thriller/Suspense,323167.0,31073.0,168.0,2021.0,1758.4839595874168,238.83272219310538,5,12.685924496455717
Spider-Man: No Way Home,Sony Pictures,Action,572984769.0,55094689.0,1.0,2021.0,1779.5546933156545,260.1874448593848,25,20.166369693173895
Stillwater,Focus Features,Drama,14465535.0,1577485.0,58.0,2021.0,1743.235189642003,276.9473271053799,15,16.487279481536273
West Side Story,20th Century Studios,Musical,29636436.0,3149461.0,37.0,2021.0,1716.3635109855313,294.32296770316276,17,17.20451510824742
12 Mighty Orphans,Sony Pictures Cla...,Drama,3688723.0,402259.0,89.0,2021.0,1687.7253229475202,285.3868507668463,13,15.120790885659805
The Green Knight,A24,Adventure,17173321.0,1872772.0,49.0,2021.0,1665.2541149298418,265.5111165608797,17,16.658867632924302
Scoob!,Warner Bros.,Adventure,2188425.0,238650.0,105.0,2021.0,1670.6404633695047,240.07517249570805,9,14.598692664977877
The Card Counter,Focus Features,Thriller/Suspense,2652315.0,255030.0,100.0,2021.0,1678.2361245287982,223.75628982705703,9,14.790943401514852
The Addams Family 2,United Artists,Adventure,56489153.0,5431649.0,22.0,2021.0,1694.788656658441,199.9442407741689,20,17.849559195384824
Werewolves Within,IFC Films,Horror,575783.0,55363.0,140.0,2021.0,1715.7218776013729,213.61172997132536,5,13.26348613258404
The Protégé,Lionsgate,Action,7446823.0,716041.0,73.0,2021.0,1731.2468078675904,204.5025840053699,13,15.823298056450067
Flag Day,United Artists,Drama,424667.0,46310.0,153.0,2021.0,1748.847559060553,208.27267119844933,5,12.959060611375184
Met Opera: Fire Shut Up in ...,Fathom Events,Concert/Perfor...,610000.0,58653.0,139.0,2021.0,1757.8552096153996,212.61573825777228,5,13.321214236149494
The House Next Door: Meet t...,HEFG Releasing,Comedy,2893660.0,278236.0,96.0,2021.0,1767.5866030933817,222.68052742479856,9,14.87803269482114
American Skin,Vertical Entertai...,Drama,282332.0,27147.0,173.0,2021.0,1765.1660253374062,234.4338590089613,3,12.550838962404754
India Sweets and Spices,Bleecker Street,Comedy,288714.0,27760.0,171.0,2021.0,1774.177222218081,232.70867478875098,3,12.57319185772085
Resident Evil: Welcome to R...,Sony Pictures,Horror,16923891.0,1627297.0,50.0,2021.0,1793.5008393537314,220.5704660411479,17,16.644236850243566
Candyman,Universal,Horror,61186570.0,6672472.0,20.0,2021.0,1821.728470282038,244.49118618447346,20,17.929438278956656
My Hero Academia: World Her...,FUNimation,Adventure,9767647.0,939196.0,68.0,2021.0,1814.9459393370737,278.82771591565916,15,16.09458615570853
Shiva Baby,Utopia,Comedy,159294.0,15316.0,194.0,2021.0,1797.2130574553553,281.9171981002693,3,11.978506830405376
Fatale,Lionsgate,Thriller/Suspense,3217203.0,350840.0,90.0,2021.0,1790.6796453425527,296.5224891334629,13,14.984022906499494
Mass,Bleecker Street,Drama,145175.0,13959.0,199.0,2021.0,1777.0891306974518,288.0786800592773,3,11.88569519024025
Judas and the Black Messiah,Warner Bros.,Drama,5478009.0,526732.0,80.0,2021.0,1763.4044433186189,296.36899557460055,13,15.516252271739189
News of the World,Universal,Western,8951155.0,976135.0,69.0,2021.0,1741.6250708213042,313.9661241364772,15,16.007293132204097
Together,Bleecker Street,Comedy,214390.0,20614.0,186.0,2021.0,1723.6539521506306,312.9468627742327,3,12.275552065299976
The Truffle Hunters,Sony Pictures Cla...,Documentary,521202.0,50115.0,143.0,2021.0,1716.4012193060782,316.3229353868336,5,13.163892961524006
2021 Oscar Shorts,ShortsHD,Multiple Genres,443050.0,42600.0,152.0,2021.0,1706.659026629791,314.0669030603602,5,13.001437909475449
Space Jam: A New Legacy,Warner Bros.,Comedy,70592228.0,7698171.0,18.0,2021.0,1681.9511867892945,317.8777625980995,20,18.07243061141784
Cry Macho,Warner Bros.,Drama,10310734.0,991417.0,65.0,2021.0,1654.822856031328,295.7632047167769,15,16.14869604647553
Wolf,Focus Features,Drama,147595.0,14192.0,196.0,2021.0,1649.9830875753883,278.4260584321979,3,11.902227315235974
Nine Days,Sony Pictures Cla...,Drama,694849.0,66812.0,136.0,2021.0,1644.445434813947,272.65246320100067,5,13.451449834754161
Godzilla vs. Kong,Warner Bros.,Action,100916094.0,11005027.0,13.0,2021.0,1630.9711058045054,251.59438974340915,20,18.429799977064214
Clifford the Big Red Dog,Paramount Pictures,Adventure,48947356.0,5337771.0,27.0,2021.0,1650.1593399293943,216.49721505414885,20,17.706255911181664
Eternals,Walt Disney,Action,164694432.0,17960134.0,6.0,2021.0,1660.4398503321947,175.77484889183071,22,18.919602387654727
The Resort,Vertical Entertai...,Horror,191996.0,18461.0,190.0,2021.0,1685.227590669801,179.0256840084435,3,12.165229817459569
Land,Focus Features,Drama,2577830.0,281116.0,101.0,2021.0,1694.1056660086547,170.9522845833165,9,14.762458517715805
Ailey,Neon,Documentary,204512.0,19664.0,188.0,2021.0,1703.3540668365717,178.5986616421713,3,12.228381932450008
The War with Grandpa,101 Studios,Comedy,2416285.0,263498.0,102.0,2021.0,1715.3226735433661,179.4661024171403,9,14.697741794655846
For the Love of Money,Freestyle Releasing,Drama,480774.0,46228.0,146.0,2021.0,1727.1366226820141,186.97813315119848,5,13.083152584201844
The Girl Who Believes In Mi...,Atlas Distribution,Drama,3163362.0,304169.0,92.0,2021.0,1740.9602795458175,184.76306861222298,9,14.967145944047646
CopShop,Open Road,Action,5213243.0,501273.0,83.0,2021.0,1760.6133042545873,194.65036449110113,13,15.46671267689748
Supernova,Bleecker Street,Drama,234220.0,22521.0,180.0,2021.0,1765.3878336907758,209.92137849354938,3,12.364016123596128
Black Widow,Walt Disney,Action,183651655.0,20027443.0,4.0,2021.0,1795.0569307316912,178.59930237341717,25,19.028551341896396
Lamb,A24,Drama,2676410.0,257347.0,99.0,2021.0,1815.084777282616,206.07447957999057,9,14.799986902246097
Venom: Let There be Carnage,Sony Pictures,Action,212609036.0,23185282.0,3.0,2021.0,1848.9844424456005,208.68459487199144,25,19.174965525320758
The Battle at Lake Changjin,CMC Pictures,Action,333214.0,32039.0,165.0,2021.0,1846.0089933296176,238.53667524435738,5,12.716540205198866
Reminiscence,Warner Bros.,Thriller/Suspense,3900193.0,425321.0,88.0,2021.0,1852.9634717426748,255.1389410536474,13,15.176536597054913
Tenet,Warner Bros.,Action,459940.0,50157.0,149.0,2021.0,1837.316314571727,264.0364953506242,5,13.038851325175314
Fall,Lionsgate,Thriller/Suspense,7240521.0,692872.0,90.0,2022.0,1842.8481859536055,281.16537152550364,13,15.795203723098775
God's Country,IFC Films,Drama,493679.0,47242.0,185.0,2022.0,1829.3040393495985,289.68335795242206,3,13.109640787389267
Brian and Charles,Focus Features,Comedy,430635.0,41209.0,189.0,2022.0,1824.9384313274438,293.79935923970305,3,12.97301614254139
The Invitation,Sony Pictures,Horror,25100080.0,2401922.0,48.0,2022.0,1816.4371861981217,311.9026415733346,17,17.038381591347928
Belle,GKIDS,Adventure,4018313.0,384527.0,112.0,2022.0,1792.8628978903466,316.402967203986,7,15.206372720775477
Twenty One Pilots: Cinema E...,Trafalgar Releasing,Concert/Perfor...,875000.0,83732.0,166.0,2022.0,1781.6608761830562,312.10009494590133,5,13.681979165339751
Fire of Love,Neon,Documentary,1064080.0,101825.0,157.0,2022.0,1771.6643052478473,312.3619528030209,5,13.877621134027178
Devotion,Sony Pictures,Action,19837942.0,1898368.0,55.0,2022.0,1765.9477972366167,331.5275870517886,15,16.80310692460198
Acharya,Self Distributed,Action,1412000.0,135119.0,152.0,2022.0,1746.0425567735608,333.47216981112933,5,14.160517697035324
The Batman,Warner Bros.,Action,369345583.0,40277599.0,7.0,2022.0,1721.6930741391504,345.1384758004536,22,19.72724330302089
Radhe Shyam,Great India Films,Drama,1800000.0,172248.0,141.0,2022.0,1695.4133543463738,338.9436127984859,5,14.403297222866392
Elvis,Warner Bros.,Drama,151040048.0,16471107.0,12.0,2022.0,1678.959545069985,357.76573170939025,20,18.833055578158024
Lifemark,Fathom Events,Drama,5007861.0,479221.0,101.0,2022.0,1659.514182146212,336.2511352511075,9,15.426519435785824
The Bad Guys,Universal,Comedy,97233630.0,9304653.0,19.0,2022.0,1633.470236969861,323.49523780517256,20,18.392627197245062
Decision to Leave,MUBI,Drama,2053383.0,196495.0,134.0,2022.0,1635.0169983578232,298.5431331001841,5,14.534999234860749
Redeeming Love,Universal,Drama,9214020.0,881724.0,80.0,2022.0,1624.479883956216,283.94966812138466,13,16.036236795085586
Y Como Es El,Pantelion Films,Comedy,1500636.0,143601.0,147.0,2022.0,1613.6212075404098,269.59386279751624,5,14.221399576209839
Cuando Sea Joven,Pantelion Films,Comedy,588028.0,56270.0,180.0,2022.0,1610.5630218628692,262.20146803251043,3,13.284529844794632
K.G.F: Chapter 2,Viva Entertainment,Action,6604562.0,632015.0,93.0,2022.0,1602.0508245959197,253.74318820215836,9,15.703271180340792
Mississippi Masala,Goldwyn Entertain...,Drama,4745453.0,517497.0,104.0,2022.0,1606.353792988421,236.2650743733399,9,15.372697454383946
Jujutsu Kaisen 0: The Movie,FUNimation,Action,33919605.0,3245895.0,43.0,2022.0,1613.529733865206,211.2749588767503,17,17.339503723773003
Dog,United Artists,Comedy,61778069.0,5911776.0,31.0,2022.0,1621.51698242422,178.2264511879525,17,17.939058988896303
Bones and All,United Artists,Thriller/Suspense,7834907.0,749752.0,87.0,2022.0,1635.1990764062787,151.5281309361817,13,15.874099563886878
The Matrix Resurrections,Warner Bros.,Action,9552171.0,914083.0,78.0,2022.0,1658.886777177053,140.80932353077287,13,16.072279016464332
The King's Man,20th Century Studios,Action,20917649.0,2281095.0,53.0,2022.0,1685.8315732778394,148.42364970496953,15,16.856103810348703
Nope,Universal,Horror,123277080.0,11796849.0,14.0,2022.0,1720.7383649652725,150.9762746461149,20,18.629945062777384
The Roundup,Capelight Pictures,Action,613026.0,58662.0,177.0,2022.0,1725.6971656746573,173.43535511537283,3,13.326162628374513
House of Gucci,United Artists,Drama,4786047.0,457994.0,103.0,2022.0,1744.7920626356527,167.175645880269,9,15.381215367711473
Marry Me,Universal,Romantic Comedy,22438180.0,2384503.0,51.0,2022.0,1764.234478714204,153.10466663117313,15,16.926274530160228
I Heard the Bells,Fathom Events,Drama,5576697.0,533655.0,98.0,2022.0,1787.0187996234908,145.56313358393157,9,15.534107223610647
Till,United Artists,Drama,9000202.0,861263.0,83.0,2022.0,1808.8923186104375,143.20746655998926,13,16.012757579493066
Glass Onion: A Knives Out M...,Netflix,Drama,15000000.0,1435406.0,59.0,2022.0,1830.8005276946817,160.64393336725945,15,16.523560759066484
ET: The Extra-Terrestrial,Universal,Drama,4301665.0,469101.0,109.0,2022.0,1850.247888391268,174.70807791774234,9,15.27451271501994
Ponniyin Selvan: Part One,Sarigama Cinemas,Action,4918000.0,470622.0,102.0,2022.0,1867.4167678588865,180.11451647065127,9,15.408412501758274
Facing Nolan,Utopia,Documentary,405797.0,38832.0,193.0,2022.0,1871.1145132353774,191.5305875605946,3,12.913608313542188
Tyson's Run,Collide Distribution,Drama,391167.0,37432.0,196.0,2022.0,1874.2611240050555,196.63929000487002,3,12.876889857756426
Alice,Roadside Attractions,Thriller/Suspense,373037.0,35697.0,198.0,2022.0,1876.247070825575,202.30109318283982,3,12.82943288941684
Spoiler Alert,Focus Features,Drama,1384003.0,150927.0,153.0,2022.0,1878.9627185359873,209.8260687650549,5,14.14049058278746
The King's Daughter,Gravitas Ventures,Adventure,1747263.0,190541.0,142.0,2022.0,1876.922089274205,219.6156464993578,5,14.373561121574967
Emergency Declaration,Well Go USA,Thriller/Suspense,412196.0,39444.0,191.0,2022.0,1871.4260963066367,225.42891247473156,3,12.92925424336424
Bros,Universal,Romantic Comedy,11628165.0,1112743.0,71.0,2022.0,1874.8242367206926,241.06389382190176,13,16.268940730446708
The Banshees of Inisherin,Searchlight Pictures,Drama,9048848.0,865918.0,82.0,2022.0,1876.0832026938413,267.0333952548992,13,16.01814801475601
Inu-Oh,GKIDS,Musical,351558.0,33641.0,200.0,2022.0,1860.256257104232,269.38026408454095,3,12.770129983733057
The Quintessential Quintupl...,Crunchyroll,Romantic Comedy,502000.0,48038.0,184.0,2022.0,1857.4844501182047,274.70164417171856,3,13.126355398673866
Moonfall,Lionsgate,Action,19060660.0,2078588.0,57.0,2022.0,1867.8393922343262,293.7923113224007,15,16.763137083082942
Met Opera: The Hours,Fathom Events,Drama,791374.0,75729.0,172.0,2022.0,1849.9221738126407,295.5166326467509,3,13.581525954222188
Uncharted,Sony Pictures,Adventure,148648820.0,16210340.0,13.0,2022.0,1851.1967424897614,324.5822806221537,20,18.81709716926722
Orphan: First Kill,Paramount Pictures,Horror,5413227.0,518012.0,99.0,2022.0,1824.772438225799,336.53034089006127,9,15.50435596097963
The Bob's Burgers Movie,20th Century Studios,Comedy,31933830.0,3482424.0,45.0,2022.0,1799.1965412233078,341.2072514641423,17,17.279176507387938
After Ever Happy,Netflix,Drama,989088.0,94649.0,161.0,2022.0,1778.0916167322262,347.4187055793831,5,13.804538585412905
